"Collection Name","Title#1","Title Type#1","Name#1","Name URI#1","Resource Type#1","Resource Type URI#1","Genre#1","Genre URI#1","Date Created#1","Date Captured#1","Extent#1","Internet Media Type#1","Internet Media Type URI#1","Digital Origin#1","Form#2","Form URI#2","Form#3","Form URI#3","Abstract#1","Note#1","Subject Topic#1","Subject Topic URI#1","Subject Name#1","Subject Name URI#1","Subject Geographic#1","Subject Geographic URI#1","Subject Topic#2","Subject Topic URI#2","Subject Name#2","Subject Name URI#2","Subject Geographic#2","Subject Geographic URI#2","Subject Topic#3","Subject Topic URI#3","Subject Name#3","Subject Name URI#3","Subject Geographic#3","Subject Geographic URI#3","Subject Topic#4","Subject Topic URI#4","Subject Name#4","Subject Name URI#4","Subject Geographic#4","Subject Geographic URI#4","Subject Topic#5","Subject Topic URI#5","Subject Name#5","Subject Name URI#5","Subject Geographic#5","Subject Geographic URI#5","Local Identifier#1","Persistent Identifier#1","Reference Identifier#1","Physical Location#1","Access Condition#1","Access Condition URI#1","ln_RECORDID","ln_MEDIAID","ln_RECORD_BATCHID","lnexp_MEDIAFILENAME","lnexp_PAGEURL"
"Ken Dudley Field Slides","Air crew of Globemaster who flew us from Iqaluit to Denver, Colorado for INSTAAR","Proper","Dudley, K. F. (Kenneth F.), 1920-1994","http://id.loc.gov/authorities/names/no2025135759","Still image","http://id.loc.gov/vocabulary/resourceTypes/img","color films (visual works)","http://vocab.getty.edu/page/aat/300417957","1970-04","2026","1 photographic slide; 2"" x 2""","image/tiff","https://www.iana.org/assignments/media-types/image/tiff","reformatted digital","color film (film, material)","http://vocab.getty.edu/page/aat/300127339","35mm (photographic film size)","http://vocab.getty.edu/page/aat/300263816","A photograph of the air crew of the ""Globemaster"" who flew the Institute of Arctic and Alpine Research (INSTAAR) group from Iqaluit to Denver, Colorado.","","Airplanes","http://id.worldcat.org/fast/803053","University of Colorado Boulder. Institute of Arctic and Alpine Research","http://id.worldcat.org/fast/609814","Nunavut (Canada, North and Central America) (territory)","http://vocab.getty.edu/page/tgn/7024197","Runways (Aeronautics)","http://id.worldcat.org/fast/1101423","","","Auyuittuq National Park (Nunavut, Canada, North and Central America) (park)","http://vocab.getty.edu/page/tgn/9218036","Men","http://id.worldcat.org/fast/1015978","","","Iqaluit (Nunavut, Canada, North and Central America) (airport)","http://vocab.getty.edu/page/tgn/9226140","Flight crews","http://id.worldcat.org/fast/927321","","","","","","","","","","","narv_DudleyK_Harvard_0113.tif","https://doi.org/10.60807/954zqf","658b726bfd604629505ed80b46e1ecb3","COU:5023 | box 1 | folder 1 | sheet 11 | item 4","This Item is protected by copyright and/or related rights. You are free to use this Item in any way that is permitted by the copyright and related rights legislation that applies to your use. In addition, no permission is required from the rights-holder(s) for educational uses. For other uses, you need to obtain permission from the rights-holder(s).","http://rightsstatements.org/vocab/InC-EDU/1.0/","226","1255471","5533","narv_DudleyK_Harvard_0113.tif","https://cudl.colorado.edu//luna/servlet/detail/CUB~59~59~226~1255471"
"Ken Dudley Field Slides","Annual sealift brings year’s provisions to Broughton Island","Proper","Dudley, K. F. (Kenneth F.), 1920-1994","http://id.loc.gov/authorities/names/no2025135759","Still image","http://id.loc.gov/vocabulary/resourceTypes/img","color films (visual works)","http://vocab.getty.edu/page/aat/300417957","1969-09","2026","1 photographic slide; 2"" x 2""","image/tiff","https://www.iana.org/assignments/media-types/image/tiff","reformatted digital","color film (film, material)","http://vocab.getty.edu/page/aat/300127339","35mm (photographic film size)","http://vocab.getty.edu/page/aat/300263816","A photograph of the annual “Sea Lift” ship delivering supplies to the Broughton Island settlement.","","Ships","http://id.worldcat.org/fast/1116439","University of Colorado Boulder. Institute of Arctic and Alpine Research","http://id.worldcat.org/fast/609814","Nunavut (Canada, North and Central America) (territory)","http://vocab.getty.edu/page/tgn/7024197","Coasts","http://id.worldcat.org/fast/865801","","","Auyuittuq National Park (Nunavut, Canada, North and Central America) (park)","http://vocab.getty.edu/page/tgn/9218036","Shipping","http://id.worldcat.org/fast/1116352","","","Broughton Island (Nunavut, Canada, North and Central America) (island)","http://vocab.getty.edu/page/tgn/9218563","Human settlements","http://id.worldcat.org/fast/963433","","","","","","","","","","","narv_DudleyK_Harvard_0024.tif","https://doi.org/10.60807/kwncqz","3cf3ef169c3732dc114225d6aa122979","COU:5023 | box 1 | folder 1 | sheet 2 | item 36","This Item is protected by copyright and/or related rights. You are free to use this Item in any way that is permitted by the copyright and related rights legislation that applies to your use. In addition, no permission is required from the rights-holder(s) for educational uses. For other uses, you need to obtain permission from the rights-holder(s).","http://rightsstatements.org/vocab/InC-EDU/1.0/","137","1255560","5533","narv_DudleyK_Harvard_0024.tif","https://cudl.colorado.edu//luna/servlet/detail/CUB~59~59~137~1255560"
"Ken Dudley Field Slides","Approaching settlement of Broughton Island","Proper","Dudley, K. F. (Kenneth F.), 1920-1994","http://id.loc.gov/authorities/names/no2025135759","Still image","http://id.loc.gov/vocabulary/resourceTypes/img","color films (visual works)","http://vocab.getty.edu/page/aat/300417957","1969-09","2026","1 photographic slide; 2"" x 2""","image/tiff","https://www.iana.org/assignments/media-types/image/tiff","reformatted digital","color film (film, material)","http://vocab.getty.edu/page/aat/300127339","35mm (photographic film size)","http://vocab.getty.edu/page/aat/300263816","A photograph of Broughton Island settlement taken off the coast.","","Coasts","http://id.worldcat.org/fast/865801","University of Colorado Boulder. Institute of Arctic and Alpine Research","http://id.worldcat.org/fast/609814","Nunavut (Canada, North and Central America) (territory)","http://vocab.getty.edu/page/tgn/7024197","Human settlements","http://id.worldcat.org/fast/963433","","","Auyuittuq National Park (Nunavut, Canada, North and Central America) (park)","http://vocab.getty.edu/page/tgn/9218036","","","","","Broughton Island (Nunavut, Canada, North and Central America) (island)","http://vocab.getty.edu/page/tgn/9218563","","","","","","","","","","","","","narv_DudleyK_Harvard_0007.tif","https://doi.org/10.60807/cy0la3","1ec3407a0753a61cbd4514fe1c776124","COU:5023 | box 1 | folder 1 | sheet 1 | item 17","This Item is protected by copyright and/or related rights. You are free to use this Item in any way that is permitted by the copyright and related rights legislation that applies to your use. In addition, no permission is required from the rights-holder(s) for educational uses. For other uses, you need to obtain permission from the rights-holder(s).","http://rightsstatements.org/vocab/InC-EDU/1.0/","120","1255577","5533","narv_DudleyK_Harvard_0007.tif","https://cudl.colorado.edu//luna/servlet/detail/CUB~59~59~120~1255577"
"Ken Dudley Field Slides","Baffin Coastline between Broughton Island and Qivittu","Proper","Dudley, K. F. (Kenneth F.), 1920-1994","http://id.loc.gov/authorities/names/no2025135759","Still image","http://id.loc.gov/vocabulary/resourceTypes/img","color films (visual works)","http://vocab.getty.edu/page/aat/300417957","1969-09","2026","1 photographic slide; 2"" x 2""","image/tiff","https://www.iana.org/assignments/media-types/image/tiff","reformatted digital","color film (film, material)","http://vocab.getty.edu/page/aat/300127339","35mm (photographic film size)","http://vocab.getty.edu/page/aat/300263816","A photograph of an iceberg off the Baffin Coastline between Broughton Island and Kivitoo.","","Coasts","http://id.worldcat.org/fast/865801","University of Colorado Boulder. Institute of Arctic and Alpine Research","http://id.worldcat.org/fast/609814","Nunavut (Canada, North and Central America) (territory)","http://vocab.getty.edu/page/tgn/7024197","Icebergs","http://id.worldcat.org/fast/966632","","","Auyuittuq National Park (Nunavut, Canada, North and Central America) (park)","http://vocab.getty.edu/page/tgn/9218036","Mountains","http://id.worldcat.org/fast/1028366","","","Broughton Island (Nunavut, Canada, North and Central America) (island)","http://vocab.getty.edu/page/tgn/9218563","","","","","Kivitoo (Nunavut, Canada, North and Central America) (locale)","http://vocab.getty.edu/page/tgn/9220803","","","","","Baffin (Nunavut, Canada, North and Central America) (island)","http://vocab.getty.edu/page/tgn/7013003","narv_DudleyK_Harvard_0037.tif","https://doi.org/10.60807/91jz36","181017abc8379d59c8f531aa949a8dbe","COU:5023 | box 1 | folder 1 | sheet 3 | item 15","This Item is protected by copyright and/or related rights. You are free to use this Item in any way that is permitted by the copyright and related rights legislation that applies to your use. In addition, no permission is required from the rights-holder(s) for educational uses. For other uses, you need to obtain permission from the rights-holder(s).","http://rightsstatements.org/vocab/InC-EDU/1.0/","150","1255547","5533","narv_DudleyK_Harvard_0037.tif","https://cudl.colorado.edu//luna/servlet/detail/CUB~59~59~150~1255547"
"Ken Dudley Field Slides","Base camp at Qivittu, Baffin Island. INSTAAR Expedition of 1969","Proper","Dudley, K. F. (Kenneth F.), 1920-1994","http://id.loc.gov/authorities/names/no2025135759","Still image","http://id.loc.gov/vocabulary/resourceTypes/img","color films (visual works)","http://vocab.getty.edu/page/aat/300417957","1969-09","2026","1 photographic slide; 2"" x 2""","image/tiff","https://www.iana.org/assignments/media-types/image/tiff","reformatted digital","color film (film, material)","http://vocab.getty.edu/page/aat/300127339","35mm (photographic film size)","http://vocab.getty.edu/page/aat/300263816","A photograph of unidentified Institute of Arctic and Alpine Research (INSTAAR) members at Kivitoo, Baffin Island base camp standing around tents.","","Tents","http://id.worldcat.org/fast/1147746","University of Colorado Boulder. Institute of Arctic and Alpine Research","http://id.worldcat.org/fast/609814","Nunavut (Canada, North and Central America) (territory)","http://vocab.getty.edu/page/tgn/7024197","Mountains","http://id.worldcat.org/fast/1028366","","","Auyuittuq National Park (Nunavut, Canada, North and Central America) (park)","http://vocab.getty.edu/page/tgn/9218036","Coasts","http://id.worldcat.org/fast/865801","","","Baffin (Nunavut, Canada, North and Central America) (island)","http://vocab.getty.edu/page/tgn/7013003","Beaches","http://id.worldcat.org/fast/829107","","","Kivitoo (Nunavut, Canada, North and Central America) (locale)","http://vocab.getty.edu/page/tgn/9220803","","","","","","","narv_DudleyK_Harvard_0039.tif","https://doi.org/10.60807/p2lxwd","965c93bdf7c85000116903443e26fe99","COU:5023 | box 1 | folder 1 | sheet 3 | item 18","This Item is protected by copyright and/or related rights. You are free to use this Item in any way that is permitted by the copyright and related rights legislation that applies to your use. In addition, no permission is required from the rights-holder(s) for educational uses. For other uses, you need to obtain permission from the rights-holder(s).","http://rightsstatements.org/vocab/InC-EDU/1.0/","152","1255545","5533","narv_DudleyK_Harvard_0039.tif","https://cudl.colorado.edu//luna/servlet/detail/CUB~59~59~152~1255545"
"Ken Dudley Field Slides","Boat with field staff","Proper","Dudley, K. F. (Kenneth F.), 1920-1994","http://id.loc.gov/authorities/names/no2025135759","Still image","http://id.loc.gov/vocabulary/resourceTypes/img","color films (visual works)","http://vocab.getty.edu/page/aat/300417957","1970-09","2026","1 photographic slide; 2"" x 2""","image/tiff","https://www.iana.org/assignments/media-types/image/tiff","reformatted digital","color film (film, material)","http://vocab.getty.edu/page/aat/300127339","35mm (photographic film size)","http://vocab.getty.edu/page/aat/300263816","A photograph of unidentified field staff on a boat.","","Boats and boating","http://id.worldcat.org/fast/835176","University of Colorado Boulder. Institute of Arctic and Alpine Research","http://id.worldcat.org/fast/609814","Nunavut (Canada, North and Central America) (territory)","http://vocab.getty.edu/page/tgn/7024197","Coasts","http://id.worldcat.org/fast/865801","","","Auyuittuq National Park (Nunavut, Canada, North and Central America) (park)","http://vocab.getty.edu/page/tgn/9218036","Ice floes","http://id.worldcat.org/fast/1743902","","","","","","","","","","","","","","","","","narv_DudleyK_Harvard_0075.tif","https://doi.org/10.60807/xg8muk","3a2611d31da2da6d94128959cadf9ec3","COU:5023 | box 1 | folder 1 | sheet 7 | item 25","This Item is protected by copyright and/or related rights. You are free to use this Item in any way that is permitted by the copyright and related rights legislation that applies to your use. In addition, no permission is required from the rights-holder(s) for educational uses. For other uses, you need to obtain permission from the rights-holder(s).","http://rightsstatements.org/vocab/InC-EDU/1.0/","188","1255509","5533","narv_DudleyK_Harvard_0075.tif","https://cudl.colorado.edu//luna/servlet/detail/CUB~59~59~188~1255509"
"Ken Dudley Field Slides","Broughton Island settlement","Proper","Dudley, K. F. (Kenneth F.), 1920-1994","http://id.loc.gov/authorities/names/no2025135759","Still image","http://id.loc.gov/vocabulary/resourceTypes/img","color films (visual works)","http://vocab.getty.edu/page/aat/300417957","1970-09","2026","1 photographic slide; 2"" x 2""","image/tiff","https://www.iana.org/assignments/media-types/image/tiff","reformatted digital","color film (film, material)","http://vocab.getty.edu/page/aat/300127339","35mm (photographic film size)","http://vocab.getty.edu/page/aat/300263816","A photograph of a settlement on the coast of Broughton Island.","","Coasts","http://id.worldcat.org/fast/865801","University of Colorado Boulder. Institute of Arctic and Alpine Research","http://id.worldcat.org/fast/609814","Nunavut (Canada, North and Central America) (territory)","http://vocab.getty.edu/page/tgn/7024197","Human settlements","http://id.worldcat.org/fast/963433","","","Auyuittuq National Park (Nunavut, Canada, North and Central America) (park)","http://vocab.getty.edu/page/tgn/9218036","","","","","Broughton Island (Nunavut, Canada, North and Central America) (island)","http://vocab.getty.edu/page/tgn/9218563","","","","","","","","","","","","","narv_DudleyK_Harvard_0080.tif","https://doi.org/10.60807/ji8rpa","279bd8a64a63167cb053fb309f4b4222","COU:5023 | box 1 | folder 1 | sheet 8 | item 2","This Item is protected by copyright and/or related rights. You are free to use this Item in any way that is permitted by the copyright and related rights legislation that applies to your use. In addition, no permission is required from the rights-holder(s) for educational uses. For other uses, you need to obtain permission from the rights-holder(s).","http://rightsstatements.org/vocab/InC-EDU/1.0/","193","1255504","5533","narv_DudleyK_Harvard_0080.tif","https://cudl.colorado.edu//luna/servlet/detail/CUB~59~59~193~1255504"
"Ken Dudley Field Slides","Broughton Island settlement from airstrip","Proper","Dudley, K. F. (Kenneth F.), 1920-1994","http://id.loc.gov/authorities/names/no2025135759","Still image","http://id.loc.gov/vocabulary/resourceTypes/img","color films (visual works)","http://vocab.getty.edu/page/aat/300417957","1969-09","2026","1 photographic slide; 2"" x 2""","image/tiff","https://www.iana.org/assignments/media-types/image/tiff","reformatted digital","color film (film, material)","http://vocab.getty.edu/page/aat/300127339","35mm (photographic film size)","http://vocab.getty.edu/page/aat/300263816","A photograph of Broughton Island settlement taken from an airstrip.","","Human settlements","http://id.worldcat.org/fast/963433","University of Colorado Boulder. Institute of Arctic and Alpine Research","http://id.worldcat.org/fast/609814","Nunavut (Canada, North and Central America) (territory)","http://vocab.getty.edu/page/tgn/7024197","Runways (Aeronautics)","http://id.worldcat.org/fast/1101423","","","Auyuittuq National Park (Nunavut, Canada, North and Central America) (park)","http://vocab.getty.edu/page/tgn/9218036","Coasts","http://id.worldcat.org/fast/865801","","","Broughton Island (Nunavut, Canada, North and Central America) (island)","http://vocab.getty.edu/page/tgn/9218563","","","","","","","","","","","","","narv_DudleyK_Harvard_0004.tif","https://doi.org/10.60807/gaocp6","2b212691feb8921bdec47b08209dbf86","COU:5023 | box 1 | folder 1 | sheet 1 | item 14","This Item is protected by copyright and/or related rights. You are free to use this Item in any way that is permitted by the copyright and related rights legislation that applies to your use. In addition, no permission is required from the rights-holder(s) for educational uses. For other uses, you need to obtain permission from the rights-holder(s).","http://rightsstatements.org/vocab/InC-EDU/1.0/","117","1255580","5533","narv_DudleyK_Harvard_0004.tif","https://cudl.colorado.edu//luna/servlet/detail/CUB~59~59~117~1255580"
"Ken Dudley Field Slides","Camp on Canso Channel below Broughton Island on archaeological dig for INSTAAR","Proper","Dudley, K. F. (Kenneth F.), 1920-1994","http://id.loc.gov/authorities/names/no2025135759","Still image","http://id.loc.gov/vocabulary/resourceTypes/img","color films (visual works)","http://vocab.getty.edu/page/aat/300417957","1969-09","2026","1 photographic slide; 2"" x 2""","image/tiff","https://www.iana.org/assignments/media-types/image/tiff","reformatted digital","color film (film, material)","http://vocab.getty.edu/page/aat/300127339","35mm (photographic film size)","http://vocab.getty.edu/page/aat/300263816","A photograph of a campsite on Canso Channel below Broughton Island on an archaeological dig for the Institute of Arctic and Alpine Research (INSTAAR)","","Camp sites, facilities, etc.","http://id.worldcat.org/fast/844798","University of Colorado Boulder. Institute of Arctic and Alpine Research","http://id.worldcat.org/fast/609814","Nunavut (Canada, North and Central America) (territory)","http://vocab.getty.edu/page/tgn/7024197","Mountains","http://id.worldcat.org/fast/1028366","","","Auyuittuq National Park (Nunavut, Canada, North and Central America) (park)","http://vocab.getty.edu/page/tgn/9218036","River channels","http://id.worldcat.org/fast/1098277","","","Broughton Island (Nunavut, Canada, North and Central America) (island)","http://vocab.getty.edu/page/tgn/9218563","Tents","http://id.worldcat.org/fast/1147746","","","","","Boats and boating","http://id.worldcat.org/fast/835176","","","","","narv_DudleyK_Harvard_0010.tif","https://doi.org/10.60807/5omflf","8e328023bc21f01f55040bee91ce8192","COU:5023 | box 1 | folder 1 | sheet 1 | item 20","This Item is protected by copyright and/or related rights. You are free to use this Item in any way that is permitted by the copyright and related rights legislation that applies to your use. In addition, no permission is required from the rights-holder(s) for educational uses. For other uses, you need to obtain permission from the rights-holder(s).","http://rightsstatements.org/vocab/InC-EDU/1.0/","123","1255574","5533","narv_DudleyK_Harvard_0010.tif","https://cudl.colorado.edu//luna/servlet/detail/CUB~59~59~123~1255574"
"Ken Dudley Field Slides","Cleaning char for a late snack under mid-night sun Base Camp, Mouth of Narpang Fjord","Proper","Dudley, K. F. (Kenneth F.), 1920-1994","http://id.loc.gov/authorities/names/no2025135759","Still image","http://id.loc.gov/vocabulary/resourceTypes/img","color films (visual works)","http://vocab.getty.edu/page/aat/300417957","1970-09","2026","1 photographic slide; 2"" x 2""","image/tiff","https://www.iana.org/assignments/media-types/image/tiff","reformatted digital","color film (film, material)","http://vocab.getty.edu/page/aat/300127339","35mm (photographic film size)","http://vocab.getty.edu/page/aat/300263816","A photograph of an unidentified person cleaning a char (fish) for a late-night snack under midnight sun at Base Camp at the mouth of Narpang Fjord.","","Equipment and supplies","http://id.worldcat.org/fast/1352983","University of Colorado Boulder. Institute of Arctic and Alpine Research","http://id.worldcat.org/fast/609814","Nunavut (Canada, North and Central America) (territory)","http://vocab.getty.edu/page/tgn/7024197","Tents","http://id.worldcat.org/fast/1147746","","","Auyuittuq National Park (Nunavut, Canada, North and Central America) (park)","http://vocab.getty.edu/page/tgn/9218036","Men","http://id.worldcat.org/fast/1015978","","","","","Arctic char","http://id.worldcat.org/fast/814135","","","","","","","","","","","narv_DudleyK_Harvard_0101.tif","https://doi.org/10.60807/lw4x6h","edaed99d647930a7f08eae08f492d68d","COU:5023 | box 1 | folder 1 | sheet 10 | item 17","This Item is protected by copyright and/or related rights. You are free to use this Item in any way that is permitted by the copyright and related rights legislation that applies to your use. In addition, no permission is required from the rights-holder(s) for educational uses. For other uses, you need to obtain permission from the rights-holder(s).","http://rightsstatements.org/vocab/InC-EDU/1.0/","214","1255483","5533","narv_DudleyK_Harvard_0101.tif","https://cudl.colorado.edu//luna/servlet/detail/CUB~59~59~214~1255483"
"Ken Dudley Field Slides","Climb between Quajon and Narpaing Fjords to Boas Glacier base camp at Summit Lake with J.T. Andrews","Proper","Dudley, K. F. (Kenneth F.), 1920-1994","http://id.loc.gov/authorities/names/no2025135759","Still image","http://id.loc.gov/vocabulary/resourceTypes/img","color films (visual works)","http://vocab.getty.edu/page/aat/300417957","1970-09","2026","1 photographic slide; 2"" x 2""","image/tiff","https://www.iana.org/assignments/media-types/image/tiff","reformatted digital","color film (film, material)","http://vocab.getty.edu/page/aat/300127339","35mm (photographic film size)","http://vocab.getty.edu/page/aat/300263816","A photograph of J.T. Andrews climbing/hiking between Quajon and Narpaing Fjords to Boas Glacier base camp at Summit Lake.","","Mountaineering","http://id.worldcat.org/fast/1028334","University of Colorado Boulder. Institute of Arctic and Alpine Research","http://id.worldcat.org/fast/609814","Nunavut (Canada, North and Central America) (territory)","http://vocab.getty.edu/page/tgn/7024197","Men","http://id.worldcat.org/fast/1015978","Andrews, John T.","local","Auyuittuq National Park (Nunavut, Canada, North and Central America) (park)","http://vocab.getty.edu/page/tgn/9218036","Mountains","http://id.worldcat.org/fast/1028366","","","","","Fjords","http://id.worldcat.org/fast/926898","","","","","","","","","","","narv_DudleyK_Harvard_0059.tif","https://doi.org/10.60807/rt32lv","7de30d4e76e73cc50b06a426e445bb76","COU:5023 | box 1 | folder 1 | sheet 6 | item 2","This Item is protected by copyright and/or related rights. You are free to use this Item in any way that is permitted by the copyright and related rights legislation that applies to your use. In addition, no permission is required from the rights-holder(s) for educational uses. For other uses, you need to obtain permission from the rights-holder(s).","http://rightsstatements.org/vocab/InC-EDU/1.0/","172","1255525","5533","narv_DudleyK_Harvard_0059.tif","https://cudl.colorado.edu//luna/servlet/detail/CUB~59~59~172~1255525"
"Ken Dudley Field Slides","Coastline opposite Qivittu base camp, Baffin Island","Proper","Dudley, K. F. (Kenneth F.), 1920-1994","http://id.loc.gov/authorities/names/no2025135759","Still image","http://id.loc.gov/vocabulary/resourceTypes/img","color films (visual works)","http://vocab.getty.edu/page/aat/300417957","1969-09","2026","1 photographic slide; 2"" x 2""","image/tiff","https://www.iana.org/assignments/media-types/image/tiff","reformatted digital","color film (film, material)","http://vocab.getty.edu/page/aat/300127339","35mm (photographic film size)","http://vocab.getty.edu/page/aat/300263816","A photograph of the coastline opposite Kivitoo base camp off Baffin Island.","","Coasts","http://id.worldcat.org/fast/865801","University of Colorado Boulder. Institute of Arctic and Alpine Research","http://id.worldcat.org/fast/609814","Nunavut (Canada, North and Central America) (territory)","http://vocab.getty.edu/page/tgn/7024197","Human settlements","http://id.worldcat.org/fast/963433","","","Auyuittuq National Park (Nunavut, Canada, North and Central America) (park)","http://vocab.getty.edu/page/tgn/9218036","Mountains","http://id.worldcat.org/fast/1028366","","","Kivitoo (Nunavut, Canada, North and Central America) (locale)","http://vocab.getty.edu/page/tgn/9220803","","","","","Baffin (Nunavut, Canada, North and Central America) (island)","http://vocab.getty.edu/page/tgn/7013003","","","","","","","narv_DudleyK_Harvard_0008.tif","https://doi.org/10.60807/7dt399","2d23dbe0ebeffe064eb0505590a12a48","COU:5023 | box 1 | folder 1 | sheet 1 | item 18","This Item is protected by copyright and/or related rights. You are free to use this Item in any way that is permitted by the copyright and related rights legislation that applies to your use. In addition, no permission is required from the rights-holder(s) for educational uses. For other uses, you need to obtain permission from the rights-holder(s).","http://rightsstatements.org/vocab/InC-EDU/1.0/","121","1255576","5533","narv_DudleyK_Harvard_0008.tif","https://cudl.colorado.edu//luna/servlet/detail/CUB~59~59~121~1255576"
"Ken Dudley Field Slides","Dave Pheasant of INSTAAR University of Colorado on beach at Qivittu","Proper","Dudley, K. F. (Kenneth F.), 1920-1994","http://id.loc.gov/authorities/names/no2025135759","Still image","http://id.loc.gov/vocabulary/resourceTypes/img","color films (visual works)","http://vocab.getty.edu/page/aat/300417957","1969-09","2026","1 photographic slide; 2"" x 2""","image/tiff","https://www.iana.org/assignments/media-types/image/tiff","reformatted digital","color film (film, material)","http://vocab.getty.edu/page/aat/300127339","35mm (photographic film size)","http://vocab.getty.edu/page/aat/300263816","A photograph of Dave Pheasant of the Institute of Arctic and Alpine Research (INSTAAR) on the beach of Kivitoo.","","Coasts","http://id.worldcat.org/fast/865801","University of Colorado Boulder. Institute of Arctic and Alpine Research","http://id.worldcat.org/fast/609814","Nunavut (Canada, North and Central America) (territory)","http://vocab.getty.edu/page/tgn/7024197","Men","http://id.worldcat.org/fast/1015978","Pheasant, Dave","local","Auyuittuq National Park (Nunavut, Canada, North and Central America) (park)","http://vocab.getty.edu/page/tgn/9218036","Beaches","http://id.worldcat.org/fast/829107","","","Kivitoo (Nunavut, Canada, North and Central America) (locale)","http://vocab.getty.edu/page/tgn/9220803","","","","","","","","","","","","","narv_DudleyK_Harvard_0041.tif","https://doi.org/10.60807/ytnt2j","f3c51cfdd383c4b43d428c5ea0f5c256","COU:5023 | box 1 | folder 1 | sheet 4 | item 22","This Item is protected by copyright and/or related rights. You are free to use this Item in any way that is permitted by the copyright and related rights legislation that applies to your use. In addition, no permission is required from the rights-holder(s) for educational uses. For other uses, you need to obtain permission from the rights-holder(s).","http://rightsstatements.org/vocab/InC-EDU/1.0/","154","1255543","5533","narv_DudleyK_Harvard_0041.tif","https://cudl.colorado.edu//luna/servlet/detail/CUB~59~59~154~1255543"
"Ken Dudley Field Slides","Dave Pheasant on glacial plain at Qivittu, Baffin Island","Proper","Dudley, K. F. (Kenneth F.), 1920-1994","http://id.loc.gov/authorities/names/no2025135759","Still image","http://id.loc.gov/vocabulary/resourceTypes/img","color films (visual works)","http://vocab.getty.edu/page/aat/300417957","1969-09","2026","1 photographic slide; 2"" x 2""","image/tiff","https://www.iana.org/assignments/media-types/image/tiff","reformatted digital","color film (film, material)","http://vocab.getty.edu/page/aat/300127339","35mm (photographic film size)","http://vocab.getty.edu/page/aat/300263816","A photograph of Dave Pheasant standing on a glacial plain at Kivitoo, Baffin Island.","","Glacial landforms","http://id.worldcat.org/fast/942969","University of Colorado Boulder. Institute of Arctic and Alpine Research","http://id.worldcat.org/fast/609814","Nunavut (Canada, North and Central America) (territory)","http://vocab.getty.edu/page/tgn/7024197","Men","http://id.worldcat.org/fast/1015978","Pheasant, Dave","local","Auyuittuq National Park (Nunavut, Canada, North and Central America) (park)","http://vocab.getty.edu/page/tgn/9218036","","","","","Baffin (Nunavut, Canada, North and Central America) (island)","http://vocab.getty.edu/page/tgn/7013003","","","","","Kivitoo (Nunavut, Canada, North and Central America) (locale)","http://vocab.getty.edu/page/tgn/9220803","","","","","","","narv_DudleyK_Harvard_0045.tif","https://doi.org/10.60807/a8yxn3","a9b79450a7a384b0affd5ff44583bc12","COU:5023 | box 1 | folder 1 | sheet 4 | item 26","This Item is protected by copyright and/or related rights. You are free to use this Item in any way that is permitted by the copyright and related rights legislation that applies to your use. In addition, no permission is required from the rights-holder(s) for educational uses. For other uses, you need to obtain permission from the rights-holder(s).","http://rightsstatements.org/vocab/InC-EDU/1.0/","158","1255539","5533","narv_DudleyK_Harvard_0045.tif","https://cudl.colorado.edu//luna/servlet/detail/CUB~59~59~158~1255539"
"Ken Dudley Field Slides","Dave Pheasant running a line on glacial plain at Qivittu","Proper","Dudley, K. F. (Kenneth F.), 1920-1994","http://id.loc.gov/authorities/names/no2025135759","Still image","http://id.loc.gov/vocabulary/resourceTypes/img","color films (visual works)","http://vocab.getty.edu/page/aat/300417957","1969-09","2026","1 photographic slide; 2"" x 2""","image/tiff","https://www.iana.org/assignments/media-types/image/tiff","reformatted digital","color film (film, material)","http://vocab.getty.edu/page/aat/300127339","35mm (photographic film size)","http://vocab.getty.edu/page/aat/300263816","A photograph of Dave Pheasant ""running a line"" on a glacial plane at Kivitoo.","","Glacial landforms","http://id.worldcat.org/fast/942969","University of Colorado Boulder. Institute of Arctic and Alpine Research","http://id.worldcat.org/fast/609814","Nunavut (Canada, North and Central America) (territory)","http://vocab.getty.edu/page/tgn/7024197","Environmental monitoring","http://id.worldcat.org/fast/913214","Pheasant, Dave","local","Auyuittuq National Park (Nunavut, Canada, North and Central America) (park)","http://vocab.getty.edu/page/tgn/9218036","","","","","Kivitoo (Nunavut, Canada, North and Central America) (locale)","http://vocab.getty.edu/page/tgn/9220803","","","","","","","","","","","","","narv_DudleyK_Harvard_0047.tif","https://doi.org/10.60807/qnhy8d","d034a968859871e179a2f7874a25c263","COU:5023 | box 1 | folder 1 | sheet 4 | item 28","This Item is protected by copyright and/or related rights. You are free to use this Item in any way that is permitted by the copyright and related rights legislation that applies to your use. In addition, no permission is required from the rights-holder(s) for educational uses. For other uses, you need to obtain permission from the rights-holder(s).","http://rightsstatements.org/vocab/InC-EDU/1.0/","160","1255537","5533","narv_DudleyK_Harvard_0047.tif","https://cudl.colorado.edu//luna/servlet/detail/CUB~59~59~160~1255537"
"Ken Dudley Field Slides","Dave Pheasant, Giff Miller at Dorset site at Qivittu, Baffin Island","Proper","Dudley, K. F. (Kenneth F.), 1920-1994","http://id.loc.gov/authorities/names/no2025135759","Still image","http://id.loc.gov/vocabulary/resourceTypes/img","color films (visual works)","http://vocab.getty.edu/page/aat/300417957","1969-09","2026","1 photographic slide; 2"" x 2""","image/tiff","https://www.iana.org/assignments/media-types/image/tiff","reformatted digital","color film (film, material)","http://vocab.getty.edu/page/aat/300127339","35mm (photographic film size)","http://vocab.getty.edu/page/aat/300263816","A photograph of Dave Pheasant and Giff Miller at the Dorset site at Kivitoo, Baffin Island.","","Coasts","http://id.worldcat.org/fast/865801","University of Colorado Boulder. Institute of Arctic and Alpine Research","http://id.worldcat.org/fast/609814","Nunavut (Canada, North and Central America) (territory)","http://vocab.getty.edu/page/tgn/7024197","Men","http://id.worldcat.org/fast/1015978","Miller, Gifford H.","local","Auyuittuq National Park (Nunavut, Canada, North and Central America) (park)","http://vocab.getty.edu/page/tgn/9218036","Beaches","http://id.worldcat.org/fast/829107","Pheasant, Dave","local","Baffin (Nunavut, Canada, North and Central America) (island)","http://vocab.getty.edu/page/tgn/7013003","","","","","Kivitoo (Nunavut, Canada, North and Central America) (locale)","http://vocab.getty.edu/page/tgn/9220803","","","","","","","narv_DudleyK_Harvard_0042.tif","https://doi.org/10.60807/wntb32","d30341bfb575b5a8b4d75bfee18d3757","COU:5023 | box 1 | folder 1 | sheet 4 | item 23","This Item is protected by copyright and/or related rights. You are free to use this Item in any way that is permitted by the copyright and related rights legislation that applies to your use. In addition, no permission is required from the rights-holder(s) for educational uses. For other uses, you need to obtain permission from the rights-holder(s).","http://rightsstatements.org/vocab/InC-EDU/1.0/","155","1255542","5533","narv_DudleyK_Harvard_0042.tif","https://cudl.colorado.edu//luna/servlet/detail/CUB~59~59~155~1255542"
"Ken Dudley Field Slides","Davis Strait coastline of Baffin Island near Home Bay","Proper","Dudley, K. F. (Kenneth F.), 1920-1994","http://id.loc.gov/authorities/names/no2025135759","Still image","http://id.loc.gov/vocabulary/resourceTypes/img","color films (visual works)","http://vocab.getty.edu/page/aat/300417957","1970-09","2026","1 photographic slide; 2"" x 2""","image/tiff","https://www.iana.org/assignments/media-types/image/tiff","reformatted digital","color film (film, material)","http://vocab.getty.edu/page/aat/300127339","35mm (photographic film size)","http://vocab.getty.edu/page/aat/300263816","A photograph of the Davis Strait coastline of Baffin Island near Home Bay.","","Coasts","http://id.worldcat.org/fast/865801","University of Colorado Boulder. Institute of Arctic and Alpine Research","http://id.worldcat.org/fast/609814","Nunavut (Canada, North and Central America) (territory)","http://vocab.getty.edu/page/tgn/7024197","Mountains","http://id.worldcat.org/fast/1028366","","","Auyuittuq National Park (Nunavut, Canada, North and Central America) (park)","http://vocab.getty.edu/page/tgn/9218036","Icebergs","http://id.worldcat.org/fast/966632","","","Baffin (Nunavut, Canada, North and Central America) (island)","http://vocab.getty.edu/page/tgn/7013003","","","","","","","","","","","","","narv_DudleyK_Harvard_0089.tif","https://doi.org/10.60807/mmqx0y","8fd21b32b68ab13786a36ca2afe12f60","COU:5023 | box 1 | folder 1 | sheet 9 | item 21","This Item is protected by copyright and/or related rights. You are free to use this Item in any way that is permitted by the copyright and related rights legislation that applies to your use. In addition, no permission is required from the rights-holder(s) for educational uses. For other uses, you need to obtain permission from the rights-holder(s).","http://rightsstatements.org/vocab/InC-EDU/1.0/","202","1255495","5533","narv_DudleyK_Harvard_0089.tif","https://cudl.colorado.edu//luna/servlet/detail/CUB~59~59~202~1255495"
"Ken Dudley Field Slides","Descending from Boas Glacier to Narpaing Fjord looking toward headwaters from Penny Icecap, Baffin Island","Proper","Dudley, K. F. (Kenneth F.), 1920-1994","http://id.loc.gov/authorities/names/no2025135759","Still image","http://id.loc.gov/vocabulary/resourceTypes/img","color films (visual works)","http://vocab.getty.edu/page/aat/300417957","1970-09","2026","1 photographic slide; 2"" x 2""","image/tiff","https://www.iana.org/assignments/media-types/image/tiff","reformatted digital","color film (film, material)","http://vocab.getty.edu/page/aat/300127339","35mm (photographic film size)","http://vocab.getty.edu/page/aat/300263816","A photograph of the descending view from Boas Glacier to Narpaing Fjord looking toward headwaters from Penny Icecap, Baffin Island.","","Mountains","http://id.worldcat.org/fast/1028366","University of Colorado Boulder. Institute of Arctic and Alpine Research","http://id.worldcat.org/fast/609814","Nunavut (Canada, North and Central America) (territory)","http://vocab.getty.edu/page/tgn/7024197","Fjords","http://id.worldcat.org/fast/926898","","","Auyuittuq National Park (Nunavut, Canada, North and Central America) (park)","http://vocab.getty.edu/page/tgn/9218036","Glaciers","http://id.worldcat.org/fast/942975","","","Baffin (Nunavut, Canada, North and Central America) (island)","http://vocab.getty.edu/page/tgn/7013003","Ice caps","http://id.worldcat.org/fast/966538","","","","","","","","","","","narv_DudleyK_Harvard_0064.tif","https://doi.org/10.60807/0kfn03","391dc48fc5da13164d047be7ae2bab46","COU:5023 | box 1 | folder 1 | sheet 6 | item 7","This Item is protected by copyright and/or related rights. You are free to use this Item in any way that is permitted by the copyright and related rights legislation that applies to your use. In addition, no permission is required from the rights-holder(s) for educational uses. For other uses, you need to obtain permission from the rights-holder(s).","http://rightsstatements.org/vocab/InC-EDU/1.0/","177","1255520","5533","narv_DudleyK_Harvard_0064.tif","https://cudl.colorado.edu//luna/servlet/detail/CUB~59~59~177~1255520"
"Ken Dudley Field Slides","Enroute from Broughton Is to Narpaing Fjord with INSTAAR and J.T. Andrews up coast of Baffin Island","Proper","Dudley, K. F. (Kenneth F.), 1920-1994","http://id.loc.gov/authorities/names/no2025135759","Still image","http://id.loc.gov/vocabulary/resourceTypes/img","color films (visual works)","http://vocab.getty.edu/page/aat/300417957","1969-09","2026","1 photographic slide; 2"" x 2""","image/tiff","https://www.iana.org/assignments/media-types/image/tiff","reformatted digital","color film (film, material)","http://vocab.getty.edu/page/aat/300127339","35mm (photographic film size)","http://vocab.getty.edu/page/aat/300263816","A photograph of unidentified people on a boat enroute from Broughton Island to Narpaing Fjord with the Institute of Arctic and Alpine Research (INSTAAR) and J.T. Andrews up coast of Baffin Island. An iceberg is in the background.","","Coasts","http://id.worldcat.org/fast/865801","University of Colorado Boulder. Institute of Arctic and Alpine Research","http://id.worldcat.org/fast/609814","Nunavut (Canada, North and Central America) (territory)","http://vocab.getty.edu/page/tgn/7024197","Icebergs","http://id.worldcat.org/fast/966632","Andrews, John T.","local","Auyuittuq National Park (Nunavut, Canada, North and Central America) (park)","http://vocab.getty.edu/page/tgn/9218036","Fjords","http://id.worldcat.org/fast/926898","","","Baffin (Nunavut, Canada, North and Central America) (island)","http://vocab.getty.edu/page/tgn/7013003","Boats and boating","http://id.worldcat.org/fast/835176","","","Broughton Island (Nunavut, Canada, North and Central America) (island)","http://vocab.getty.edu/page/tgn/9218563","","","","","","","narv_DudleyK_Harvard_0013.tif","https://doi.org/10.60807/a0ejyz","29e27208d883a06a7d5980bc486e10d8","COU:5023 | box 1 | folder 1 | sheet 2 | item 23","This Item is protected by copyright and/or related rights. You are free to use this Item in any way that is permitted by the copyright and related rights legislation that applies to your use. In addition, no permission is required from the rights-holder(s) for educational uses. For other uses, you need to obtain permission from the rights-holder(s).","http://rightsstatements.org/vocab/InC-EDU/1.0/","126","1255571","5533","narv_DudleyK_Harvard_0013.tif","https://cudl.colorado.edu//luna/servlet/detail/CUB~59~59~126~1255571"
"Ken Dudley Field Slides","Enroute from Broughton Island to Narpaing Fjord base camp of INSTAAR","Proper","Dudley, K. F. (Kenneth F.), 1920-1994","http://id.loc.gov/authorities/names/no2025135759","Still image","http://id.loc.gov/vocabulary/resourceTypes/img","color films (visual works)","http://vocab.getty.edu/page/aat/300417957","1969-09","2026","1 photographic slide; 2"" x 2""","image/tiff","https://www.iana.org/assignments/media-types/image/tiff","reformatted digital","color film (film, material)","http://vocab.getty.edu/page/aat/300127339","35mm (photographic film size)","http://vocab.getty.edu/page/aat/300263816","A photograph of an unidentified person enroute from Broughton Island to Narpaing Fjord base camp of the Institute of Arctic and Alpine Research (INSTAAR).","","Coasts","http://id.worldcat.org/fast/865801","University of Colorado Boulder. Institute of Arctic and Alpine Research","http://id.worldcat.org/fast/609814","Nunavut (Canada, North and Central America) (territory)","http://vocab.getty.edu/page/tgn/7024197","Boats and boating","http://id.worldcat.org/fast/835176","","","Auyuittuq National Park (Nunavut, Canada, North and Central America) (park)","http://vocab.getty.edu/page/tgn/9218036","Icebergs","http://id.worldcat.org/fast/966632","","","Broughton Island (Nunavut, Canada, North and Central America) (island)","http://vocab.getty.edu/page/tgn/9218563","","","","","","","","","","","","","narv_DudleyK_Harvard_0034.tif","https://doi.org/10.60807/fi5aun","0a34d7f2ce5cae89926aeed758706a91","COU:5023 | box 1 | folder 1 | sheet 3 | item 11","This Item is protected by copyright and/or related rights. You are free to use this Item in any way that is permitted by the copyright and related rights legislation that applies to your use. In addition, no permission is required from the rights-holder(s) for educational uses. For other uses, you need to obtain permission from the rights-holder(s).","http://rightsstatements.org/vocab/InC-EDU/1.0/","147","1255550","5533","narv_DudleyK_Harvard_0034.tif","https://cudl.colorado.edu//luna/servlet/detail/CUB~59~59~147~1255550"
"Ken Dudley Field Slides","Enroute from Padloping to Broughton with INSTAAR","Proper","Dudley, K. F. (Kenneth F.), 1920-1994","http://id.loc.gov/authorities/names/no2025135759","Still image","http://id.loc.gov/vocabulary/resourceTypes/img","color films (visual works)","http://vocab.getty.edu/page/aat/300417957","1969-09","2026","1 photographic slide; 2"" x 2""","image/tiff","https://www.iana.org/assignments/media-types/image/tiff","reformatted digital","color film (film, material)","http://vocab.getty.edu/page/aat/300127339","35mm (photographic film size)","http://vocab.getty.edu/page/aat/300263816","A photograph of mountains on the coast off Padloping enroute to Broughton Island with the Institute of Arctic and Alpine Research (INSTAAR).","","Coasts","http://id.worldcat.org/fast/865801","University of Colorado Boulder. Institute of Arctic and Alpine Research","http://id.worldcat.org/fast/609814","Nunavut (Canada, North and Central America) (territory)","http://vocab.getty.edu/page/tgn/7024197","Mountains","http://id.worldcat.org/fast/1028366","","","Auyuittuq National Park (Nunavut, Canada, North and Central America) (park)","http://vocab.getty.edu/page/tgn/9218036","","","","","Broughton Island (Nunavut, Canada, North and Central America) (island)","http://vocab.getty.edu/page/tgn/9218563","","","","","","","","","","","","","narv_DudleyK_Harvard_0014.tif","https://doi.org/10.60807/546kb8","765aedeb2c9ed2c81e9027256e036e1e","COU:5023 | box 1 | folder 1 | sheet 2 | item 24","This Item is protected by copyright and/or related rights. You are free to use this Item in any way that is permitted by the copyright and related rights legislation that applies to your use. In addition, no permission is required from the rights-holder(s) for educational uses. For other uses, you need to obtain permission from the rights-holder(s).","http://rightsstatements.org/vocab/InC-EDU/1.0/","127","1255570","5533","narv_DudleyK_Harvard_0014.tif","https://cudl.colorado.edu//luna/servlet/detail/CUB~59~59~127~1255570"
"Ken Dudley Field Slides","Enroute over sea ice from Broughton Island to Narpang Fjord via skidoo, sleds and canoe","Proper","Dudley, K. F. (Kenneth F.), 1920-1994","http://id.loc.gov/authorities/names/no2025135759","Still image","http://id.loc.gov/vocabulary/resourceTypes/img","color films (visual works)","http://vocab.getty.edu/page/aat/300417957","1970-09","2026","1 photographic slide; 2"" x 2""","image/tiff","https://www.iana.org/assignments/media-types/image/tiff","reformatted digital","color film (film, material)","http://vocab.getty.edu/page/aat/300127339","35mm (photographic film size)","http://vocab.getty.edu/page/aat/300263816","A photograph of researchers enroute over sea ice from Broughton Island to Narpang Fjord via skidoo, sleds and canoe.","","Coasts","http://id.worldcat.org/fast/865801","University of Colorado Boulder. Institute of Arctic and Alpine Research","http://id.worldcat.org/fast/609814","Nunavut (Canada, North and Central America) (territory)","http://vocab.getty.edu/page/tgn/7024197","Ice floes","http://id.worldcat.org/fast/1743902","","","Auyuittuq National Park (Nunavut, Canada, North and Central America) (park)","http://vocab.getty.edu/page/tgn/9218036","Men","http://id.worldcat.org/fast/1015978","","","Broughton Island (Nunavut, Canada, North and Central America) (island)","http://vocab.getty.edu/page/tgn/9218563","Equipment and supplies","http://id.worldcat.org/fast/1352983","","","","","Boats and boating","http://id.worldcat.org/fast/835176","","","","","narv_DudleyK_Harvard_0085.tif","https://doi.org/10.60807/30nypc","b86dea78d0e5077e85c2ee5de5113867","COU:5023 | box 1 | folder 1 | sheet 8 | item 8","This Item is protected by copyright and/or related rights. You are free to use this Item in any way that is permitted by the copyright and related rights legislation that applies to your use. In addition, no permission is required from the rights-holder(s) for educational uses. For other uses, you need to obtain permission from the rights-holder(s).","http://rightsstatements.org/vocab/InC-EDU/1.0/","198","1255499","5533","narv_DudleyK_Harvard_0085.tif","https://cudl.colorado.edu//luna/servlet/detail/CUB~59~59~198~1255499"
"Ken Dudley Field Slides","Enroute over sea ice to Narpang Fjord with provisions for base camp","Proper","Dudley, K. F. (Kenneth F.), 1920-1994","http://id.loc.gov/authorities/names/no2025135759","Still image","http://id.loc.gov/vocabulary/resourceTypes/img","color films (visual works)","http://vocab.getty.edu/page/aat/300417957","1970-09","2026","1 photographic slide; 2"" x 2""","image/tiff","https://www.iana.org/assignments/media-types/image/tiff","reformatted digital","color film (film, material)","http://vocab.getty.edu/page/aat/300127339","35mm (photographic film size)","http://vocab.getty.edu/page/aat/300263816","A photograph of 2 hunters, Joannasie Koonaloosie’s son, Ken Dudley, David Koonaloosie, Roger Barry (meteorologist) and Tom Mayberry (photographer) enroute over sea ice to Narpang Fjord with provisions for base camp.","","Coasts","http://id.worldcat.org/fast/865801","University of Colorado Boulder. Institute of Arctic and Alpine Research","http://id.worldcat.org/fast/609814","Nunavut (Canada, North and Central America) (territory)","http://vocab.getty.edu/page/tgn/7024197","Ice floes","http://id.worldcat.org/fast/1743902","Dudley, K. F. (Kenneth F.), 1920-1994","http://id.loc.gov/authorities/names/no2025135759","Auyuittuq National Park (Nunavut, Canada, North and Central America) (park)","http://vocab.getty.edu/page/tgn/9218036","Men","http://id.worldcat.org/fast/1015978","Koonaloosie, David","local","","","Boats and boating","http://id.worldcat.org/fast/835176","Barry, Roger","local","","","","","Mayberry, Tom","local","","","narv_DudleyK_Harvard_0086.tif","https://doi.org/10.60807/3q9v8x","2e2f86d33b96a1dc7848a243edc2aa0e","COU:5023 | box 1 | folder 1 | sheet 8 | item 9","This Item is protected by copyright and/or related rights. You are free to use this Item in any way that is permitted by the copyright and related rights legislation that applies to your use. In addition, no permission is required from the rights-holder(s) for educational uses. For other uses, you need to obtain permission from the rights-holder(s).","http://rightsstatements.org/vocab/InC-EDU/1.0/","199","1255498","5533","narv_DudleyK_Harvard_0086.tif","https://cudl.colorado.edu//luna/servlet/detail/CUB~59~59~199~1255498"
"Ken Dudley Field Slides","Enroute, Broughton Island to Boas Glacier Base Camp","Proper","Dudley, K. F. (Kenneth F.), 1920-1994","http://id.loc.gov/authorities/names/no2025135759","Still image","http://id.loc.gov/vocabulary/resourceTypes/img","color films (visual works)","http://vocab.getty.edu/page/aat/300417957","1970-09","2026","1 photographic slide; 2"" x 2""","image/tiff","https://www.iana.org/assignments/media-types/image/tiff","reformatted digital","color film (film, material)","http://vocab.getty.edu/page/aat/300127339","35mm (photographic film size)","http://vocab.getty.edu/page/aat/300263816","A photograph of Joannassie Koonaloosie at the tiller of the first canoe, J.T. Andrews in the red canoe, Roger Barry, and meteorologist behind him enroute to Broughton Island to Boas Glacier Base Camp.","","Coasts","http://id.worldcat.org/fast/865801","University of Colorado Boulder. Institute of Arctic and Alpine Research","http://id.worldcat.org/fast/609814","Nunavut (Canada, North and Central America) (territory)","http://vocab.getty.edu/page/tgn/7024197","Ice floes","http://id.worldcat.org/fast/1743902","Koonaloosie, Joannassie","local","Auyuittuq National Park (Nunavut, Canada, North and Central America) (park)","http://vocab.getty.edu/page/tgn/9218036","Men","http://id.worldcat.org/fast/1015978","Andrews, John T.","local","Broughton Island (Nunavut, Canada, North and Central America) (island)","http://vocab.getty.edu/page/tgn/9218563","Boats and boating","http://id.worldcat.org/fast/835176","Barry, Roger","local","","","","","","","","","narv_DudleyK_Harvard_0087.tif","https://doi.org/10.60807/rq77b2","686a9045c72d6b756c34c9609d8828b0","COU:5023 | box 1 | folder 1 | sheet 8 | item 10","This Item is protected by copyright and/or related rights. You are free to use this Item in any way that is permitted by the copyright and related rights legislation that applies to your use. In addition, no permission is required from the rights-holder(s) for educational uses. For other uses, you need to obtain permission from the rights-holder(s).","http://rightsstatements.org/vocab/InC-EDU/1.0/","200","1255497","5533","narv_DudleyK_Harvard_0087.tif","https://cudl.colorado.edu//luna/servlet/detail/CUB~59~59~200~1255497"
"Ken Dudley Field Slides","Floating iceberg, Baffin Island coast between Broughton Island and Narpaing Fjord","Proper","Dudley, K. F. (Kenneth F.), 1920-1994","http://id.loc.gov/authorities/names/no2025135759","Still image","http://id.loc.gov/vocabulary/resourceTypes/img","color films (visual works)","http://vocab.getty.edu/page/aat/300417957","1969-09","2026","1 photographic slide; 2"" x 2""","image/tiff","https://www.iana.org/assignments/media-types/image/tiff","reformatted digital","color film (film, material)","http://vocab.getty.edu/page/aat/300127339","35mm (photographic film size)","http://vocab.getty.edu/page/aat/300263816","A photograph of a floating iceberg off Baffin Island's coast between Broughton Island and Narpaing Fjord.","","Coasts","http://id.worldcat.org/fast/865801","University of Colorado Boulder. Institute of Arctic and Alpine Research","http://id.worldcat.org/fast/609814","Nunavut (Canada, North and Central America) (territory)","http://vocab.getty.edu/page/tgn/7024197","Icebergs","http://id.worldcat.org/fast/966632","","","Auyuittuq National Park (Nunavut, Canada, North and Central America) (park)","http://vocab.getty.edu/page/tgn/9218036","Fjords","http://id.worldcat.org/fast/926898","","","Broughton Island (Nunavut, Canada, North and Central America) (island)","http://vocab.getty.edu/page/tgn/9218563","","","","","","","","","","","","","narv_DudleyK_Harvard_0011.tif","https://doi.org/10.60807/e4495y","6093de9fb5d37c85f54a9ffcdb550f4c","COU:5023 | box 1 | folder 1 | sheet 2 | item 21","This Item is protected by copyright and/or related rights. You are free to use this Item in any way that is permitted by the copyright and related rights legislation that applies to your use. In addition, no permission is required from the rights-holder(s) for educational uses. For other uses, you need to obtain permission from the rights-holder(s).","http://rightsstatements.org/vocab/InC-EDU/1.0/","124","1255573","5533","narv_DudleyK_Harvard_0011.tif","https://cudl.colorado.edu//luna/servlet/detail/CUB~59~59~124~1255573"
"Ken Dudley Field Slides","Floe Ice at outer coast of Broughton Island","Proper","Dudley, K. F. (Kenneth F.), 1920-1994","http://id.loc.gov/authorities/names/no2025135759","Still image","http://id.loc.gov/vocabulary/resourceTypes/img","color films (visual works)","http://vocab.getty.edu/page/aat/300417957","1969-09","2026","1 photographic slide; 2"" x 2""","image/tiff","https://www.iana.org/assignments/media-types/image/tiff","reformatted digital","color film (film, material)","http://vocab.getty.edu/page/aat/300127339","35mm (photographic film size)","http://vocab.getty.edu/page/aat/300263816","A photograph of floe ice around the outer coast of Broughton Island.","","Coasts","http://id.worldcat.org/fast/865801","University of Colorado Boulder. Institute of Arctic and Alpine Research","http://id.worldcat.org/fast/609814","Nunavut (Canada, North and Central America) (territory)","http://vocab.getty.edu/page/tgn/7024197","Ice floes","http://id.worldcat.org/fast/1743902","","","Auyuittuq National Park (Nunavut, Canada, North and Central America) (park)","http://vocab.getty.edu/page/tgn/9218036","","","","","Broughton Island (Nunavut, Canada, North and Central America) (island)","http://vocab.getty.edu/page/tgn/9218563","","","","","","","","","","","","","narv_DudleyK_Harvard_0005.tif","https://doi.org/10.60807/yxwgbx","c454251fb1bc880b3d911e3b212ff43e","COU:5023 | box 1 | folder 1 | sheet 1 | item 15","This Item is protected by copyright and/or related rights. You are free to use this Item in any way that is permitted by the copyright and related rights legislation that applies to your use. In addition, no permission is required from the rights-holder(s) for educational uses. For other uses, you need to obtain permission from the rights-holder(s).","http://rightsstatements.org/vocab/InC-EDU/1.0/","118","1255579","5533","narv_DudleyK_Harvard_0005.tif","https://cudl.colorado.edu//luna/servlet/detail/CUB~59~59~118~1255579"
"Ken Dudley Field Slides","Giff Miller and Larry Williams","Proper","Dudley, K. F. (Kenneth F.), 1920-1994","http://id.loc.gov/authorities/names/no2025135759","Still image","http://id.loc.gov/vocabulary/resourceTypes/img","color films (visual works)","http://vocab.getty.edu/page/aat/300417957","1969-09","2026","1 photographic slide; 2"" x 2""","image/tiff","https://www.iana.org/assignments/media-types/image/tiff","reformatted digital","color film (film, material)","http://vocab.getty.edu/page/aat/300127339","35mm (photographic film size)","http://vocab.getty.edu/page/aat/300263816","A photograph of Giff Miller and Larry Williams. In the background is a coastline and mountains.","","Coasts","http://id.worldcat.org/fast/865801","University of Colorado Boulder. Institute of Arctic and Alpine Research","http://id.worldcat.org/fast/609814","Nunavut (Canada, North and Central America) (territory)","http://vocab.getty.edu/page/tgn/7024197","Mountains","http://id.worldcat.org/fast/1028366","Miller, Gifford H.","local","Auyuittuq National Park (Nunavut, Canada, North and Central America) (park)","http://vocab.getty.edu/page/tgn/9218036","Men","http://id.worldcat.org/fast/1015978","Williams, Larry","local","","","","","","","","","","","","","","","narv_DudleyK_Harvard_0040.tif","https://doi.org/10.60807/wi139h","30e0b9c6c8472c69cf49bd1cdcabb0e3","COU:5023 | box 1 | folder 1 | sheet 3 | item 19","This Item is protected by copyright and/or related rights. You are free to use this Item in any way that is permitted by the copyright and related rights legislation that applies to your use. In addition, no permission is required from the rights-holder(s) for educational uses. For other uses, you need to obtain permission from the rights-holder(s).","http://rightsstatements.org/vocab/InC-EDU/1.0/","153","1255544","5533","narv_DudleyK_Harvard_0040.tif","https://cudl.colorado.edu//luna/servlet/detail/CUB~59~59~153~1255544"
"Ken Dudley Field Slides","Giff Miller and Mal Anderson enroute up Narpang Fjord to King Harvest Camp base","Proper","Dudley, K. F. (Kenneth F.), 1920-1994","http://id.loc.gov/authorities/names/no2025135759","Still image","http://id.loc.gov/vocabulary/resourceTypes/img","color films (visual works)","http://vocab.getty.edu/page/aat/300417957","1970-09","2026","1 photographic slide; 2"" x 2""","image/tiff","https://www.iana.org/assignments/media-types/image/tiff","reformatted digital","color film (film, material)","http://vocab.getty.edu/page/aat/300127339","35mm (photographic film size)","http://vocab.getty.edu/page/aat/300263816","A photograph of Giff Miller and Mal Anderson enroute up Narpang Fjord to ""King Harvest Camp"" base.","","Coasts","http://id.worldcat.org/fast/865801","University of Colorado Boulder. Institute of Arctic and Alpine Research","http://id.worldcat.org/fast/609814","Nunavut (Canada, North and Central America) (territory)","http://vocab.getty.edu/page/tgn/7024197","Boats and boating","http://id.worldcat.org/fast/835176","Miller, Gifford H.","local","Auyuittuq National Park (Nunavut, Canada, North and Central America) (park)","http://vocab.getty.edu/page/tgn/9218036","Men","http://id.worldcat.org/fast/1015978","Andersen, Mal","local","","","Women","http://id.worldcat.org/fast/1176568","","","","","","","","","","","narv_DudleyK_Harvard_0110.tif","https://doi.org/10.60807/jngufn","f9a922267781cd87367c2cec2398c642","COU:5023 | box 1 | folder 1 | sheet 11 | item 34","This Item is protected by copyright and/or related rights. You are free to use this Item in any way that is permitted by the copyright and related rights legislation that applies to your use. In addition, no permission is required from the rights-holder(s) for educational uses. For other uses, you need to obtain permission from the rights-holder(s).","http://rightsstatements.org/vocab/InC-EDU/1.0/","223","1255474","5533","narv_DudleyK_Harvard_0110.tif","https://cudl.colorado.edu//luna/servlet/detail/CUB~59~59~223~1255474"
"Ken Dudley Field Slides","Giff Miller enroute to Qivittu camp base","Proper","Dudley, K. F. (Kenneth F.), 1920-1994","http://id.loc.gov/authorities/names/no2025135759","Still image","http://id.loc.gov/vocabulary/resourceTypes/img","color films (visual works)","http://vocab.getty.edu/page/aat/300417957","1969-09","2026","1 photographic slide; 2"" x 2""","image/tiff","https://www.iana.org/assignments/media-types/image/tiff","reformatted digital","color film (film, material)","http://vocab.getty.edu/page/aat/300127339","35mm (photographic film size)","http://vocab.getty.edu/page/aat/300263816","A photograph of Giff Miller on a boat enroute to Kivitoo base camp.","","Coasts","http://id.worldcat.org/fast/865801","University of Colorado Boulder. Institute of Arctic and Alpine Research","http://id.worldcat.org/fast/609814","Nunavut (Canada, North and Central America) (territory)","http://vocab.getty.edu/page/tgn/7024197","Men","http://id.worldcat.org/fast/1015978","Miller, Gifford H.","local","Auyuittuq National Park (Nunavut, Canada, North and Central America) (park)","http://vocab.getty.edu/page/tgn/9218036","Boats and boating","http://id.worldcat.org/fast/835176","","","Kivitoo (Nunavut, Canada, North and Central America) (locale)","http://vocab.getty.edu/page/tgn/9220803","","","","","","","","","","","","","narv_DudleyK_Harvard_0043.tif","https://doi.org/10.60807/io12ao","f5fde063ea232757c2be54b3f83b1af2","COU:5023 | box 1 | folder 1 | sheet 4 | item 24","This Item is protected by copyright and/or related rights. You are free to use this Item in any way that is permitted by the copyright and related rights legislation that applies to your use. In addition, no permission is required from the rights-holder(s) for educational uses. For other uses, you need to obtain permission from the rights-holder(s).","http://rightsstatements.org/vocab/InC-EDU/1.0/","156","1255541","5533","narv_DudleyK_Harvard_0043.tif","https://cudl.colorado.edu//luna/servlet/detail/CUB~59~59~156~1255541"
"Ken Dudley Field Slides","Giff Miller of INSTAAR University of Colorado on glacial plain and stream bed at Qivittu, Baffin Island","Proper","Dudley, K. F. (Kenneth F.), 1920-1994","http://id.loc.gov/authorities/names/no2025135759","Still image","http://id.loc.gov/vocabulary/resourceTypes/img","color films (visual works)","http://vocab.getty.edu/page/aat/300417957","1969-09","2026","1 photographic slide; 2"" x 2""","image/tiff","https://www.iana.org/assignments/media-types/image/tiff","reformatted digital","color film (film, material)","http://vocab.getty.edu/page/aat/300127339","35mm (photographic film size)","http://vocab.getty.edu/page/aat/300263816","A photograph of Giff Miller of the Institute of Arctic and Alpine Research (INSTAAR) standing on a glacial plain and stream bed at Kivitoo, Baffin Island.","","Glacial landforms","http://id.worldcat.org/fast/942969","University of Colorado Boulder. Institute of Arctic and Alpine Research","http://id.worldcat.org/fast/609814","Nunavut (Canada, North and Central America) (territory)","http://vocab.getty.edu/page/tgn/7024197","Men","http://id.worldcat.org/fast/1015978","Miller, Gifford H.","local","Auyuittuq National Park (Nunavut, Canada, North and Central America) (park)","http://vocab.getty.edu/page/tgn/9218036","River channels","http://id.worldcat.org/fast/1098277","","","Baffin (Nunavut, Canada, North and Central America) (island)","http://vocab.getty.edu/page/tgn/7013003","","","","","Kivitoo (Nunavut, Canada, North and Central America) (locale)","http://vocab.getty.edu/page/tgn/9220803","","","","","","","narv_DudleyK_Harvard_0044.tif","https://doi.org/10.60807/ck7zj5","cc13f61c8911d98a71099dd07e2bf859","COU:5023 | box 1 | folder 1 | sheet 4 | item 25","This Item is protected by copyright and/or related rights. You are free to use this Item in any way that is permitted by the copyright and related rights legislation that applies to your use. In addition, no permission is required from the rights-holder(s) for educational uses. For other uses, you need to obtain permission from the rights-holder(s).","http://rightsstatements.org/vocab/InC-EDU/1.0/","157","1255540","5533","narv_DudleyK_Harvard_0044.tif","https://cudl.colorado.edu//luna/servlet/detail/CUB~59~59~157~1255540"
"Ken Dudley Field Slides","Glacial plain at Qivittu N.E. coast of Baffin Island","Proper","Dudley, K. F. (Kenneth F.), 1920-1994","http://id.loc.gov/authorities/names/no2025135759","Still image","http://id.loc.gov/vocabulary/resourceTypes/img","color films (visual works)","http://vocab.getty.edu/page/aat/300417957","1969-09","2026","1 photographic slide; 2"" x 2""","image/tiff","https://www.iana.org/assignments/media-types/image/tiff","reformatted digital","color film (film, material)","http://vocab.getty.edu/page/aat/300127339","35mm (photographic film size)","http://vocab.getty.edu/page/aat/300263816","A photograph of a glacial plain at Kivitoo on the Northeast coast of Baffin Island.","","Glacial landforms","http://id.worldcat.org/fast/942969","University of Colorado Boulder. Institute of Arctic and Alpine Research","http://id.worldcat.org/fast/609814","Nunavut (Canada, North and Central America) (territory)","http://vocab.getty.edu/page/tgn/7024197","","","","","Auyuittuq National Park (Nunavut, Canada, North and Central America) (park)","http://vocab.getty.edu/page/tgn/9218036","","","","","Baffin (Nunavut, Canada, North and Central America) (island)","http://vocab.getty.edu/page/tgn/7013003","","","","","Kivitoo (Nunavut, Canada, North and Central America) (locale)","http://vocab.getty.edu/page/tgn/9220803","","","","","","","narv_DudleyK_Harvard_0046.tif","https://doi.org/10.60807/t5we70","75f23787b99ea6ba4b9e751d6cc6a149","COU:5023 | box 1 | folder 1 | sheet 4 | item 27","This Item is protected by copyright and/or related rights. You are free to use this Item in any way that is permitted by the copyright and related rights legislation that applies to your use. In addition, no permission is required from the rights-holder(s) for educational uses. For other uses, you need to obtain permission from the rights-holder(s).","http://rightsstatements.org/vocab/InC-EDU/1.0/","159","1255538","5533","narv_DudleyK_Harvard_0046.tif","https://cudl.colorado.edu//luna/servlet/detail/CUB~59~59~159~1255538"
"Ken Dudley Field Slides","Glacier at head of Narpang Fjord enroute to INSTAAR base camp","Proper","Dudley, K. F. (Kenneth F.), 1920-1994","http://id.loc.gov/authorities/names/no2025135759","Still image","http://id.loc.gov/vocabulary/resourceTypes/img","color films (visual works)","http://vocab.getty.edu/page/aat/300417957","1970-09","2026","1 photographic slide; 2"" x 2""","image/tiff","https://www.iana.org/assignments/media-types/image/tiff","reformatted digital","color film (film, material)","http://vocab.getty.edu/page/aat/300127339","35mm (photographic film size)","http://vocab.getty.edu/page/aat/300263816","A photography of a glacier at the head of Narpang Fjord enroute to the Institute of Arctic and Alpine Research (INSTAAR) base camp.","","Glaciers","http://id.worldcat.org/fast/942975","University of Colorado Boulder. Institute of Arctic and Alpine Research","http://id.worldcat.org/fast/609814","Nunavut (Canada, North and Central America) (territory)","http://vocab.getty.edu/page/tgn/7024197","Mountains","http://id.worldcat.org/fast/1028366","","","Auyuittuq National Park (Nunavut, Canada, North and Central America) (park)","http://vocab.getty.edu/page/tgn/9218036","Fjords","http://id.worldcat.org/fast/926898","","","","","","","","","","","","","","","","","narv_DudleyK_Harvard_0106.tif","https://doi.org/10.60807/954w4r","6f0cab40956d86d055b2ba306f901aca","COU:5023 | box 1 | folder 1 | sheet 11 | item 25","This Item is protected by copyright and/or related rights. You are free to use this Item in any way that is permitted by the copyright and related rights legislation that applies to your use. In addition, no permission is required from the rights-holder(s) for educational uses. For other uses, you need to obtain permission from the rights-holder(s).","http://rightsstatements.org/vocab/InC-EDU/1.0/","219","1255478","5533","narv_DudleyK_Harvard_0106.tif","https://cudl.colorado.edu//luna/servlet/detail/CUB~59~59~219~1255478"
"Ken Dudley Field Slides","Head of Maktak Fjord looking up to Penny Ice Cap, Baffin Island","Proper","Dudley, K. F. (Kenneth F.), 1920-1994","http://id.loc.gov/authorities/names/no2025135759","Still image","http://id.loc.gov/vocabulary/resourceTypes/img","color films (visual works)","http://vocab.getty.edu/page/aat/300417957","1969-09","2026","1 photographic slide; 2"" x 2""","image/tiff","https://www.iana.org/assignments/media-types/image/tiff","reformatted digital","color film (film, material)","http://vocab.getty.edu/page/aat/300127339","35mm (photographic film size)","http://vocab.getty.edu/page/aat/300263816","A photograph of the head of Maktak Fjord looking up to the Penny Ice Cap on Baffin Island.","","Fjords","http://id.worldcat.org/fast/926898","University of Colorado Boulder. Institute of Arctic and Alpine Research","http://id.worldcat.org/fast/609814","Nunavut (Canada, North and Central America) (territory)","http://vocab.getty.edu/page/tgn/7024197","Ice caps","http://id.worldcat.org/fast/966538","","","Auyuittuq National Park (Nunavut, Canada, North and Central America) (park)","http://vocab.getty.edu/page/tgn/9218036","Mountains","http://id.worldcat.org/fast/1028366","","","Baffin (Nunavut, Canada, North and Central America) (island)","http://vocab.getty.edu/page/tgn/7013003","","","","","","","","","","","","","narv_DudleyK_Harvard_0020.tif","https://doi.org/10.60807/y1c57q","69ff5b5b7c305493ac9033d6d8e5b359","COU:5023 | box 1 | folder 1 | sheet 2 | item 31","This Item is protected by copyright and/or related rights. You are free to use this Item in any way that is permitted by the copyright and related rights legislation that applies to your use. In addition, no permission is required from the rights-holder(s) for educational uses. For other uses, you need to obtain permission from the rights-holder(s).","http://rightsstatements.org/vocab/InC-EDU/1.0/","133","1255564","5533","narv_DudleyK_Harvard_0020.tif","https://cudl.colorado.edu//luna/servlet/detail/CUB~59~59~133~1255564"
"Ken Dudley Field Slides","Hudson Bay post at Broughton Island","Proper","Dudley, K. F. (Kenneth F.), 1920-1994","http://id.loc.gov/authorities/names/no2025135759","Still image","http://id.loc.gov/vocabulary/resourceTypes/img","color films (visual works)","http://vocab.getty.edu/page/aat/300417957","1970-09","2026","1 photographic slide; 2"" x 2""","image/tiff","https://www.iana.org/assignments/media-types/image/tiff","reformatted digital","color film (film, material)","http://vocab.getty.edu/page/aat/300127339","35mm (photographic film size)","http://vocab.getty.edu/page/aat/300263816","A photograph of the Hudson Bay post at Broughton Island.","","Coasts","http://id.worldcat.org/fast/865801","University of Colorado Boulder. Institute of Arctic and Alpine Research","http://id.worldcat.org/fast/609814","Nunavut (Canada, North and Central America) (territory)","http://vocab.getty.edu/page/tgn/7024197","Ice floes","http://id.worldcat.org/fast/1743902","","","Auyuittuq National Park (Nunavut, Canada, North and Central America) (park)","http://vocab.getty.edu/page/tgn/9218036","Post office buildings","http://id.worldcat.org/fast/1072709","","","Broughton Island (Nunavut, Canada, North and Central America) (island)","http://vocab.getty.edu/page/tgn/9218563","","","","","","","","","","","","","narv_DudleyK_Harvard_0081.tif","https://doi.org/10.60807/ni66du","97dd28d8eba98ed4d244df807ecf001b","COU:5023 | box 1 | folder 1 | sheet 8 | item 3","This Item is protected by copyright and/or related rights. You are free to use this Item in any way that is permitted by the copyright and related rights legislation that applies to your use. In addition, no permission is required from the rights-holder(s) for educational uses. For other uses, you need to obtain permission from the rights-holder(s).","http://rightsstatements.org/vocab/InC-EDU/1.0/","194","1255503","5533","narv_DudleyK_Harvard_0081.tif","https://cudl.colorado.edu//luna/servlet/detail/CUB~59~59~194~1255503"
"Ken Dudley Field Slides","Hudson Bay post at the Broughton Island settlement","Proper","Dudley, K. F. (Kenneth F.), 1920-1994","http://id.loc.gov/authorities/names/no2025135759","Still image","http://id.loc.gov/vocabulary/resourceTypes/img","color films (visual works)","http://vocab.getty.edu/page/aat/300417957","1969-09","2026","1 photographic slide; 2"" x 2""","image/tiff","https://www.iana.org/assignments/media-types/image/tiff","reformatted digital","color film (film, material)","http://vocab.getty.edu/page/aat/300127339","35mm (photographic film size)","http://vocab.getty.edu/page/aat/300263816","A photograph of the Hudson Bay post, managed by Jim Dyell, at the Broughton Island settlement.","","Coasts","http://id.worldcat.org/fast/865801","University of Colorado Boulder. Institute of Arctic and Alpine Research","http://id.worldcat.org/fast/609814","Nunavut (Canada, North and Central America) (territory)","http://vocab.getty.edu/page/tgn/7024197","Ice floes","http://id.worldcat.org/fast/1743902","","","Auyuittuq National Park (Nunavut, Canada, North and Central America) (park)","http://vocab.getty.edu/page/tgn/9218036","Human settlements","http://id.worldcat.org/fast/963433","","","Broughton Island (Nunavut, Canada, North and Central America) (island)","http://vocab.getty.edu/page/tgn/9218563","Post office buildings","http://id.worldcat.org/fast/1072709","","","","","","","","","","","narv_DudleyK_Harvard_0006.tif","https://doi.org/10.60807/j2thcz","30bf70adce393d4af8fea134d6609922","COU:5023 | box 1 | folder 1 | sheet 1 | item 16","This Item is protected by copyright and/or related rights. You are free to use this Item in any way that is permitted by the copyright and related rights legislation that applies to your use. In addition, no permission is required from the rights-holder(s) for educational uses. For other uses, you need to obtain permission from the rights-holder(s).","http://rightsstatements.org/vocab/InC-EDU/1.0/","119","1255578","5533","narv_DudleyK_Harvard_0006.tif","https://cudl.colorado.edu//luna/servlet/detail/CUB~59~59~119~1255578"
"Ken Dudley Field Slides","Iceberg between Broughton Island and Padloping","Proper","Dudley, K. F. (Kenneth F.), 1920-1994","http://id.loc.gov/authorities/names/no2025135759","Still image","http://id.loc.gov/vocabulary/resourceTypes/img","color films (visual works)","http://vocab.getty.edu/page/aat/300417957","1969-09","2026","1 photographic slide; 2"" x 2""","image/tiff","https://www.iana.org/assignments/media-types/image/tiff","reformatted digital","color film (film, material)","http://vocab.getty.edu/page/aat/300127339","35mm (photographic film size)","http://vocab.getty.edu/page/aat/300263816","A photograph of an iceberg between Broughton and Padloping Islands.","","Coasts","http://id.worldcat.org/fast/865801","University of Colorado Boulder. Institute of Arctic and Alpine Research","http://id.worldcat.org/fast/609814","Nunavut (Canada, North and Central America) (territory)","http://vocab.getty.edu/page/tgn/7024197","Icebergs","http://id.worldcat.org/fast/966632","","","Auyuittuq National Park (Nunavut, Canada, North and Central America) (park)","http://vocab.getty.edu/page/tgn/9218036","","","","","Broughton Island (Nunavut, Canada, North and Central America) (island)","http://vocab.getty.edu/page/tgn/9218563","","","","","Padloping Island (Nunavut, Canada, North and Central America) (island)","http://vocab.getty.edu/page/tgn/9222155","","","","","","","narv_DudleyK_Harvard_0027.tif","https://doi.org/10.60807/g8da3a","f077aa091e7ad2fe882b6604642cb14c","COU:5023 | box 1 | folder 1 | sheet 3 | item 3","This Item is protected by copyright and/or related rights. You are free to use this Item in any way that is permitted by the copyright and related rights legislation that applies to your use. In addition, no permission is required from the rights-holder(s) for educational uses. For other uses, you need to obtain permission from the rights-holder(s).","http://rightsstatements.org/vocab/InC-EDU/1.0/","140","1255557","5533","narv_DudleyK_Harvard_0027.tif","https://cudl.colorado.edu//luna/servlet/detail/CUB~59~59~140~1255557"
"Ken Dudley Field Slides","Iceberg between Broughton Island and Padloping","Proper","Dudley, K. F. (Kenneth F.), 1920-1994","http://id.loc.gov/authorities/names/no2025135759","Still image","http://id.loc.gov/vocabulary/resourceTypes/img","color films (visual works)","http://vocab.getty.edu/page/aat/300417957","1969-09","2026","1 photographic slide; 2"" x 2""","image/tiff","https://www.iana.org/assignments/media-types/image/tiff","reformatted digital","color film (film, material)","http://vocab.getty.edu/page/aat/300127339","35mm (photographic film size)","http://vocab.getty.edu/page/aat/300263816","A photograph of an iceberg between Broughton and Padloping Islands.","","Coasts","http://id.worldcat.org/fast/865801","University of Colorado Boulder. Institute of Arctic and Alpine Research","http://id.worldcat.org/fast/609814","Nunavut (Canada, North and Central America) (territory)","http://vocab.getty.edu/page/tgn/7024197","Icebergs","http://id.worldcat.org/fast/966632","","","Auyuittuq National Park (Nunavut, Canada, North and Central America) (park)","http://vocab.getty.edu/page/tgn/9218036","","","","","Broughton Island (Nunavut, Canada, North and Central America) (island)","http://vocab.getty.edu/page/tgn/9218563","","","","","Padloping Island (Nunavut, Canada, North and Central America) (island)","http://vocab.getty.edu/page/tgn/9222155","","","","","","","narv_DudleyK_Harvard_0028.tif","https://doi.org/10.60807/ujt40f","1f5baba3923ca01426d24dce89763e8f","COU:5023 | box 1 | folder 1 | sheet 3 | item 4","This Item is protected by copyright and/or related rights. You are free to use this Item in any way that is permitted by the copyright and related rights legislation that applies to your use. In addition, no permission is required from the rights-holder(s) for educational uses. For other uses, you need to obtain permission from the rights-holder(s).","http://rightsstatements.org/vocab/InC-EDU/1.0/","141","1255556","5533","narv_DudleyK_Harvard_0028.tif","https://cudl.colorado.edu//luna/servlet/detail/CUB~59~59~141~1255556"
"Ken Dudley Field Slides","Iceberg between Broughton Island and Padloping","Proper","Dudley, K. F. (Kenneth F.), 1920-1994","http://id.loc.gov/authorities/names/no2025135759","Still image","http://id.loc.gov/vocabulary/resourceTypes/img","color films (visual works)","http://vocab.getty.edu/page/aat/300417957","1969-09","2026","1 photographic slide; 2"" x 2""","image/tiff","https://www.iana.org/assignments/media-types/image/tiff","reformatted digital","color film (film, material)","http://vocab.getty.edu/page/aat/300127339","35mm (photographic film size)","http://vocab.getty.edu/page/aat/300263816","A photograph of an iceberg between Broughton and Padloping Islands.","","Coasts","http://id.worldcat.org/fast/865801","University of Colorado Boulder. Institute of Arctic and Alpine Research","http://id.worldcat.org/fast/609814","Nunavut (Canada, North and Central America) (territory)","http://vocab.getty.edu/page/tgn/7024197","Icebergs","http://id.worldcat.org/fast/966632","","","Auyuittuq National Park (Nunavut, Canada, North and Central America) (park)","http://vocab.getty.edu/page/tgn/9218036","","","","","Broughton Island (Nunavut, Canada, North and Central America) (island)","http://vocab.getty.edu/page/tgn/9218563","","","","","Padloping Island (Nunavut, Canada, North and Central America) (island)","http://vocab.getty.edu/page/tgn/9222155","","","","","","","narv_DudleyK_Harvard_0029.tif","https://doi.org/10.60807/wp21bp","b37f9bbb4bc9441fc2506dcadf2a57e7","COU:5023 | box 1 | folder 1 | sheet 3 | item 5","This Item is protected by copyright and/or related rights. You are free to use this Item in any way that is permitted by the copyright and related rights legislation that applies to your use. In addition, no permission is required from the rights-holder(s) for educational uses. For other uses, you need to obtain permission from the rights-holder(s).","http://rightsstatements.org/vocab/InC-EDU/1.0/","142","1255555","5533","narv_DudleyK_Harvard_0029.tif","https://cudl.colorado.edu//luna/servlet/detail/CUB~59~59~142~1255555"
"Ken Dudley Field Slides","Iceberg between Broughton Island and Qivittu","Proper","Dudley, K. F. (Kenneth F.), 1920-1994","http://id.loc.gov/authorities/names/no2025135759","Still image","http://id.loc.gov/vocabulary/resourceTypes/img","color films (visual works)","http://vocab.getty.edu/page/aat/300417957","1969-09","2026","1 photographic slide; 2"" x 2""","image/tiff","https://www.iana.org/assignments/media-types/image/tiff","reformatted digital","color film (film, material)","http://vocab.getty.edu/page/aat/300127339","35mm (photographic film size)","http://vocab.getty.edu/page/aat/300263816","A photograph of an iceberg between Broughton Island and Kivitoo.","","Coasts","http://id.worldcat.org/fast/865801","University of Colorado Boulder. Institute of Arctic and Alpine Research","http://id.worldcat.org/fast/609814","Nunavut (Canada, North and Central America) (territory)","http://vocab.getty.edu/page/tgn/7024197","Icebergs","http://id.worldcat.org/fast/966632","","","Auyuittuq National Park (Nunavut, Canada, North and Central America) (park)","http://vocab.getty.edu/page/tgn/9218036","","","","","Broughton Island (Nunavut, Canada, North and Central America) (island)","http://vocab.getty.edu/page/tgn/9218563","","","","","Kivitoo (Nunavut, Canada, North and Central America) (locale)","http://vocab.getty.edu/page/tgn/9220803","","","","","","","narv_DudleyK_Harvard_0035.tif","https://doi.org/10.60807/4abbw0","a2cf5aabf69be10a0cee9a7bc15db925","COU:5023 | box 1 | folder 1 | sheet 3 | item 13","This Item is protected by copyright and/or related rights. You are free to use this Item in any way that is permitted by the copyright and related rights legislation that applies to your use. In addition, no permission is required from the rights-holder(s) for educational uses. For other uses, you need to obtain permission from the rights-holder(s).","http://rightsstatements.org/vocab/InC-EDU/1.0/","148","1255549","5533","narv_DudleyK_Harvard_0035.tif","https://cudl.colorado.edu//luna/servlet/detail/CUB~59~59~148~1255549"
"Ken Dudley Field Slides","Iceberg between Broughton Island and Qivittu","Proper","Dudley, K. F. (Kenneth F.), 1920-1994","http://id.loc.gov/authorities/names/no2025135759","Still image","http://id.loc.gov/vocabulary/resourceTypes/img","color films (visual works)","http://vocab.getty.edu/page/aat/300417957","1969-09","2026","1 photographic slide; 2"" x 2""","image/tiff","https://www.iana.org/assignments/media-types/image/tiff","reformatted digital","color film (film, material)","http://vocab.getty.edu/page/aat/300127339","35mm (photographic film size)","http://vocab.getty.edu/page/aat/300263816","A photograph of an iceberg between Broughton Island and Kivitoo.","","Coasts","http://id.worldcat.org/fast/865801","University of Colorado Boulder. Institute of Arctic and Alpine Research","http://id.worldcat.org/fast/609814","Nunavut (Canada, North and Central America) (territory)","http://vocab.getty.edu/page/tgn/7024197","Icebergs","http://id.worldcat.org/fast/966632","","","Auyuittuq National Park (Nunavut, Canada, North and Central America) (park)","http://vocab.getty.edu/page/tgn/9218036","","","","","Broughton Island (Nunavut, Canada, North and Central America) (island)","http://vocab.getty.edu/page/tgn/9218563","","","","","Kivitoo (Nunavut, Canada, North and Central America) (locale)","http://vocab.getty.edu/page/tgn/9220803","","","","","","","narv_DudleyK_Harvard_0036.tif","https://doi.org/10.60807/90u6cp","c6d917b5d385feb9ae7a9916ca91f3c7","COU:5023 | box 1 | folder 1 | sheet 3 | item 14","This Item is protected by copyright and/or related rights. You are free to use this Item in any way that is permitted by the copyright and related rights legislation that applies to your use. In addition, no permission is required from the rights-holder(s) for educational uses. For other uses, you need to obtain permission from the rights-holder(s).","http://rightsstatements.org/vocab/InC-EDU/1.0/","149","1255548","5533","narv_DudleyK_Harvard_0036.tif","https://cudl.colorado.edu//luna/servlet/detail/CUB~59~59~149~1255548"
"Ken Dudley Field Slides","Iceberg in Davis Strait off Broughton Island","Proper","Dudley, K. F. (Kenneth F.), 1920-1994","http://id.loc.gov/authorities/names/no2025135759","Still image","http://id.loc.gov/vocabulary/resourceTypes/img","color films (visual works)","http://vocab.getty.edu/page/aat/300417957","1969-09","2026","1 photographic slide; 2"" x 2""","image/tiff","https://www.iana.org/assignments/media-types/image/tiff","reformatted digital","color film (film, material)","http://vocab.getty.edu/page/aat/300127339","35mm (photographic film size)","http://vocab.getty.edu/page/aat/300263816","A photograph of an iceberg in Davis Strait off Broughton Island.","","Coasts","http://id.worldcat.org/fast/865801","University of Colorado Boulder. Institute of Arctic and Alpine Research","http://id.worldcat.org/fast/609814","Nunavut (Canada, North and Central America) (territory)","http://vocab.getty.edu/page/tgn/7024197","Icebergs","http://id.worldcat.org/fast/966632","","","Auyuittuq National Park (Nunavut, Canada, North and Central America) (park)","http://vocab.getty.edu/page/tgn/9218036","","","","","Broughton Island (Nunavut, Canada, North and Central America) (island)","http://vocab.getty.edu/page/tgn/9218563","","","","","","","","","","","","","narv_DudleyK_Harvard_0031.tif","https://doi.org/10.60807/mn86si","c8d1fe90fa1bae26ae52927d78f7c67e","COU:5023 | box 1 | folder 1 | sheet 3 | item 8","This Item is protected by copyright and/or related rights. You are free to use this Item in any way that is permitted by the copyright and related rights legislation that applies to your use. In addition, no permission is required from the rights-holder(s) for educational uses. For other uses, you need to obtain permission from the rights-holder(s).","http://rightsstatements.org/vocab/InC-EDU/1.0/","144","1255553","5533","narv_DudleyK_Harvard_0031.tif","https://cudl.colorado.edu//luna/servlet/detail/CUB~59~59~144~1255553"
"Ken Dudley Field Slides","Iceberg near Cape Searle, Baffin Island","Proper","Dudley, K. F. (Kenneth F.), 1920-1994","http://id.loc.gov/authorities/names/no2025135759","Still image","http://id.loc.gov/vocabulary/resourceTypes/img","color films (visual works)","http://vocab.getty.edu/page/aat/300417957","1969-09","2026","1 photographic slide; 2"" x 2""","image/tiff","https://www.iana.org/assignments/media-types/image/tiff","reformatted digital","color film (film, material)","http://vocab.getty.edu/page/aat/300127339","35mm (photographic film size)","http://vocab.getty.edu/page/aat/300263816","A photograph of an iceberg near Cape Searle, Baffin Island.","","Coasts","http://id.worldcat.org/fast/865801","University of Colorado Boulder. Institute of Arctic and Alpine Research","http://id.worldcat.org/fast/609814","Nunavut (Canada, North and Central America) (territory)","http://vocab.getty.edu/page/tgn/7024197","Icebergs","http://id.worldcat.org/fast/966632","","","Auyuittuq National Park (Nunavut, Canada, North and Central America) (park)","http://vocab.getty.edu/page/tgn/9218036","","","","","Baffin (Nunavut, Canada, North and Central America) (island)","http://vocab.getty.edu/page/tgn/7013003","","","","","","","","","","","","","narv_DudleyK_Harvard_0033.tif","https://doi.org/10.60807/1usnm9","cd39accf31bcef69a5dd813712d4aaad","COU:5023 | box 1 | folder 1 | sheet 3 | item 10","This Item is protected by copyright and/or related rights. You are free to use this Item in any way that is permitted by the copyright and related rights legislation that applies to your use. In addition, no permission is required from the rights-holder(s) for educational uses. For other uses, you need to obtain permission from the rights-holder(s).","http://rightsstatements.org/vocab/InC-EDU/1.0/","146","1255551","5533","narv_DudleyK_Harvard_0033.tif","https://cudl.colorado.edu//luna/servlet/detail/CUB~59~59~146~1255551"
"Ken Dudley Field Slides","Iceberg near Padloping, Baffin Island","Proper","Dudley, K. F. (Kenneth F.), 1920-1994","http://id.loc.gov/authorities/names/no2025135759","Still image","http://id.loc.gov/vocabulary/resourceTypes/img","color films (visual works)","http://vocab.getty.edu/page/aat/300417957","1969-09","2026","1 photographic slide; 2"" x 2""","image/tiff","https://www.iana.org/assignments/media-types/image/tiff","reformatted digital","color film (film, material)","http://vocab.getty.edu/page/aat/300127339","35mm (photographic film size)","http://vocab.getty.edu/page/aat/300263816","A photograph of an iceberg near Padloping and Baffin Islands.","","Coasts","http://id.worldcat.org/fast/865801","University of Colorado Boulder. Institute of Arctic and Alpine Research","http://id.worldcat.org/fast/609814","Nunavut (Canada, North and Central America) (territory)","http://vocab.getty.edu/page/tgn/7024197","Icebergs","http://id.worldcat.org/fast/966632","","","Auyuittuq National Park (Nunavut, Canada, North and Central America) (park)","http://vocab.getty.edu/page/tgn/9218036","","","","","Baffin (Nunavut, Canada, North and Central America) (island)","http://vocab.getty.edu/page/tgn/7013003","","","","","Padloping Island (Nunavut, Canada, North and Central America) (island)","http://vocab.getty.edu/page/tgn/9222155","","","","","","","narv_DudleyK_Harvard_0032.tif","https://doi.org/10.60807/jk5u5c","245e0a5f8ec28d48c492f6cb0604c9b4","COU:5023 | box 1 | folder 1 | sheet 3 | item 9","This Item is protected by copyright and/or related rights. You are free to use this Item in any way that is permitted by the copyright and related rights legislation that applies to your use. In addition, no permission is required from the rights-holder(s) for educational uses. For other uses, you need to obtain permission from the rights-holder(s).","http://rightsstatements.org/vocab/InC-EDU/1.0/","145","1255552","5533","narv_DudleyK_Harvard_0032.tif","https://cudl.colorado.edu//luna/servlet/detail/CUB~59~59~145~1255552"
"Ken Dudley Field Slides","Iceberg near Quajon Fjord, Baffin Island","Proper","Dudley, K. F. (Kenneth F.), 1920-1994","http://id.loc.gov/authorities/names/no2025135759","Still image","http://id.loc.gov/vocabulary/resourceTypes/img","color films (visual works)","http://vocab.getty.edu/page/aat/300417957","1969-09","2026","1 photographic slide; 2"" x 2""","image/tiff","https://www.iana.org/assignments/media-types/image/tiff","reformatted digital","color film (film, material)","http://vocab.getty.edu/page/aat/300127339","35mm (photographic film size)","http://vocab.getty.edu/page/aat/300263816","A photograph of an iceberg near Quajon Fjord off Baffin Island.","","Fjords","http://id.worldcat.org/fast/926898","University of Colorado Boulder. Institute of Arctic and Alpine Research","http://id.worldcat.org/fast/609814","Nunavut (Canada, North and Central America) (territory)","http://vocab.getty.edu/page/tgn/7024197","Icebergs","http://id.worldcat.org/fast/966632","","","Auyuittuq National Park (Nunavut, Canada, North and Central America) (park)","http://vocab.getty.edu/page/tgn/9218036","Coasts","http://id.worldcat.org/fast/865801","","","Baffin (Nunavut, Canada, North and Central America) (island)","http://vocab.getty.edu/page/tgn/7013003","","","","","","","","","","","","","narv_DudleyK_Harvard_0022.tif","https://doi.org/10.60807/msss1d","93be9f8b8e8ac7b0becfc76175122c5b","COU:5023 | box 1 | folder 1 | sheet 2 | item 34","This Item is protected by copyright and/or related rights. You are free to use this Item in any way that is permitted by the copyright and related rights legislation that applies to your use. In addition, no permission is required from the rights-holder(s) for educational uses. For other uses, you need to obtain permission from the rights-holder(s).","http://rightsstatements.org/vocab/InC-EDU/1.0/","135","1255562","5533","narv_DudleyK_Harvard_0022.tif","https://cudl.colorado.edu//luna/servlet/detail/CUB~59~59~135~1255562"
"Ken Dudley Field Slides","Iceberg off Baffin Island coast near Padloping","Proper","Dudley, K. F. (Kenneth F.), 1920-1994","http://id.loc.gov/authorities/names/no2025135759","Still image","http://id.loc.gov/vocabulary/resourceTypes/img","color films (visual works)","http://vocab.getty.edu/page/aat/300417957","1969-09","2026","1 photographic slide; 2"" x 2""","image/tiff","https://www.iana.org/assignments/media-types/image/tiff","reformatted digital","color film (film, material)","http://vocab.getty.edu/page/aat/300127339","35mm (photographic film size)","http://vocab.getty.edu/page/aat/300263816","A photograph of an iceberg off the coast of Baffin Island near Padloping Island.","","Coasts","http://id.worldcat.org/fast/865801","University of Colorado Boulder. Institute of Arctic and Alpine Research","http://id.worldcat.org/fast/609814","Nunavut (Canada, North and Central America) (territory)","http://vocab.getty.edu/page/tgn/7024197","Icebergs","http://id.worldcat.org/fast/966632","","","Auyuittuq National Park (Nunavut, Canada, North and Central America) (park)","http://vocab.getty.edu/page/tgn/9218036","","","","","Baffin (Nunavut, Canada, North and Central America) (island)","http://vocab.getty.edu/page/tgn/7013003","","","","","Padloping Island (Nunavut, Canada, North and Central America) (island)","http://vocab.getty.edu/page/tgn/9222155","","","","","","","narv_DudleyK_Harvard_0030.tif","https://doi.org/10.60807/4unk9n","ae648620a1de65a71596141e541f6b1a","COU:5023 | box 1 | folder 1 | sheet 3 | item 7","This Item is protected by copyright and/or related rights. You are free to use this Item in any way that is permitted by the copyright and related rights legislation that applies to your use. In addition, no permission is required from the rights-holder(s) for educational uses. For other uses, you need to obtain permission from the rights-holder(s).","http://rightsstatements.org/vocab/InC-EDU/1.0/","143","1255554","5533","narv_DudleyK_Harvard_0030.tif","https://cudl.colorado.edu//luna/servlet/detail/CUB~59~59~143~1255554"
"Ken Dudley Field Slides","Iceberg off mouth of Quajon Fjord","Proper","Dudley, K. F. (Kenneth F.), 1920-1994","http://id.loc.gov/authorities/names/no2025135759","Still image","http://id.loc.gov/vocabulary/resourceTypes/img","color films (visual works)","http://vocab.getty.edu/page/aat/300417957","1969-09","2026","1 photographic slide; 2"" x 2""","image/tiff","https://www.iana.org/assignments/media-types/image/tiff","reformatted digital","color film (film, material)","http://vocab.getty.edu/page/aat/300127339","35mm (photographic film size)","http://vocab.getty.edu/page/aat/300263816","A photograph of an iceberg and mountain off the mouth of Quajon Fjord.","","Coasts","http://id.worldcat.org/fast/865801","University of Colorado Boulder. Institute of Arctic and Alpine Research","http://id.worldcat.org/fast/609814","Nunavut (Canada, North and Central America) (territory)","http://vocab.getty.edu/page/tgn/7024197","Mountains","http://id.worldcat.org/fast/1028366","","","Auyuittuq National Park (Nunavut, Canada, North and Central America) (park)","http://vocab.getty.edu/page/tgn/9218036","Icebergs","http://id.worldcat.org/fast/966632","","","","","Fjords","http://id.worldcat.org/fast/926898","","","","","","","","","","","narv_DudleyK_Harvard_0009.tif","https://doi.org/10.60807/k7oend","48edd9034e65f1d3213c8cf0645166c7","COU:5023 | box 1 | folder 1 | sheet 1 | item 19","This Item is protected by copyright and/or related rights. You are free to use this Item in any way that is permitted by the copyright and related rights legislation that applies to your use. In addition, no permission is required from the rights-holder(s) for educational uses. For other uses, you need to obtain permission from the rights-holder(s).","http://rightsstatements.org/vocab/InC-EDU/1.0/","122","1255575","5533","narv_DudleyK_Harvard_0009.tif","https://cudl.colorado.edu//luna/servlet/detail/CUB~59~59~122~1255575"
"Ken Dudley Field Slides","Icebergs along coast of Baffin Island near Narpaing Fjord","Proper","Dudley, K. F. (Kenneth F.), 1920-1994","http://id.loc.gov/authorities/names/no2025135759","Still image","http://id.loc.gov/vocabulary/resourceTypes/img","color films (visual works)","http://vocab.getty.edu/page/aat/300417957","1969-09","2026","1 photographic slide; 2"" x 2""","image/tiff","https://www.iana.org/assignments/media-types/image/tiff","reformatted digital","color film (film, material)","http://vocab.getty.edu/page/aat/300127339","35mm (photographic film size)","http://vocab.getty.edu/page/aat/300263816","A photograph of icebergs along the coast of Baffin Island near Narpaing Fjord.","","Coasts","http://id.worldcat.org/fast/865801","University of Colorado Boulder. Institute of Arctic and Alpine Research","http://id.worldcat.org/fast/609814","Nunavut (Canada, North and Central America) (territory)","http://vocab.getty.edu/page/tgn/7024197","Icebergs","http://id.worldcat.org/fast/966632","","","Auyuittuq National Park (Nunavut, Canada, North and Central America) (park)","http://vocab.getty.edu/page/tgn/9218036","Fjords","http://id.worldcat.org/fast/926898","","","Baffin (Nunavut, Canada, North and Central America) (island)","http://vocab.getty.edu/page/tgn/7013003","","","","","","","","","","","","","narv_DudleyK_Harvard_0012.tif","https://doi.org/10.60807/xmj4y0","d579ce54ba4887d6de9892902561fa8c","COU:5023 | box 1 | folder 1 | sheet 2 | item 22","This Item is protected by copyright and/or related rights. You are free to use this Item in any way that is permitted by the copyright and related rights legislation that applies to your use. In addition, no permission is required from the rights-holder(s) for educational uses. For other uses, you need to obtain permission from the rights-holder(s).","http://rightsstatements.org/vocab/InC-EDU/1.0/","125","1255572","5533","narv_DudleyK_Harvard_0012.tif","https://cudl.colorado.edu//luna/servlet/detail/CUB~59~59~125~1255572"
"Ken Dudley Field Slides","Icebergs and mirages on horizon on Davis Strait near Broughton Island","Proper","Dudley, K. F. (Kenneth F.), 1920-1994","http://id.loc.gov/authorities/names/no2025135759","Still image","http://id.loc.gov/vocabulary/resourceTypes/img","color films (visual works)","http://vocab.getty.edu/page/aat/300417957","1969-09","2026","1 photographic slide; 2"" x 2""","image/tiff","https://www.iana.org/assignments/media-types/image/tiff","reformatted digital","color film (film, material)","http://vocab.getty.edu/page/aat/300127339","35mm (photographic film size)","http://vocab.getty.edu/page/aat/300263816","A photograph of Icebergs and mirages on the horizon of Davis Strait near Broughton Island.","","Coasts","http://id.worldcat.org/fast/865801","University of Colorado Boulder. Institute of Arctic and Alpine Research","http://id.worldcat.org/fast/609814","Nunavut (Canada, North and Central America) (territory)","http://vocab.getty.edu/page/tgn/7024197","Icebergs","http://id.worldcat.org/fast/966632","","","Auyuittuq National Park (Nunavut, Canada, North and Central America) (park)","http://vocab.getty.edu/page/tgn/9218036","Mirages","http://id.worldcat.org/fast/1023556","","","Broughton Island (Nunavut, Canada, North and Central America) (island)","http://vocab.getty.edu/page/tgn/9218563","","","","","","","","","","","","","narv_DudleyK_Harvard_0048.tif","https://doi.org/10.60807/ih7vsx","fec9548c50844b6767b9256f68f20fbf","COU:5023 | box 1 | folder 1 | sheet 4 | item 29","This Item is protected by copyright and/or related rights. You are free to use this Item in any way that is permitted by the copyright and related rights legislation that applies to your use. In addition, no permission is required from the rights-holder(s) for educational uses. For other uses, you need to obtain permission from the rights-holder(s).","http://rightsstatements.org/vocab/InC-EDU/1.0/","161","1255536","5533","narv_DudleyK_Harvard_0048.tif","https://cudl.colorado.edu//luna/servlet/detail/CUB~59~59~161~1255536"
"Ken Dudley Field Slides","Icefall at head of Maktak Fjord off of Penny Ice Cap, Broughton Island","Proper","Dudley, K. F. (Kenneth F.), 1920-1994","http://id.loc.gov/authorities/names/no2025135759","Still image","http://id.loc.gov/vocabulary/resourceTypes/img","color films (visual works)","http://vocab.getty.edu/page/aat/300417957","1969-09","2026","1 photographic slide; 2"" x 2""","image/tiff","https://www.iana.org/assignments/media-types/image/tiff","reformatted digital","color film (film, material)","http://vocab.getty.edu/page/aat/300127339","35mm (photographic film size)","http://vocab.getty.edu/page/aat/300263816","A photograph of icefall at head of Maktak Fjord off the Penny Ice Cap on Broughton Island.","","Fjords","http://id.worldcat.org/fast/926898","University of Colorado Boulder. Institute of Arctic and Alpine Research","http://id.worldcat.org/fast/609814","Nunavut (Canada, North and Central America) (territory)","http://vocab.getty.edu/page/tgn/7024197","Icefalls","local","","","Auyuittuq National Park (Nunavut, Canada, North and Central America) (park)","http://vocab.getty.edu/page/tgn/9218036","Mountains","http://id.worldcat.org/fast/1028366","","","Broughton Island (Nunavut, Canada, North and Central America) (island)","http://vocab.getty.edu/page/tgn/9218563","","","","","","","","","","","","","narv_DudleyK_Harvard_0016.tif","https://doi.org/10.60807/fixwqg","17cb2968af4489f0a7b6145b8f393e9f","COU:5023 | box 1 | folder 1 | sheet 2 | item 26","This Item is protected by copyright and/or related rights. You are free to use this Item in any way that is permitted by the copyright and related rights legislation that applies to your use. In addition, no permission is required from the rights-holder(s) for educational uses. For other uses, you need to obtain permission from the rights-holder(s).","http://rightsstatements.org/vocab/InC-EDU/1.0/","129","1255568","5533","narv_DudleyK_Harvard_0016.tif","https://cudl.colorado.edu//luna/servlet/detail/CUB~59~59~129~1255568"
"Ken Dudley Field Slides","Icthyologist, J.T. Andrews, botanist and anthropologist of INSTAAR in Maktak Fjord, Baffin Island","Proper","Dudley, K. F. (Kenneth F.), 1920-1994","http://id.loc.gov/authorities/names/no2025135759","Still image","http://id.loc.gov/vocabulary/resourceTypes/img","color films (visual works)","http://vocab.getty.edu/page/aat/300417957","1969-09","2026","1 photographic slide; 2"" x 2""","image/tiff","https://www.iana.org/assignments/media-types/image/tiff","reformatted digital","color film (film, material)","http://vocab.getty.edu/page/aat/300127339","35mm (photographic film size)","http://vocab.getty.edu/page/aat/300263816","A photograph of [Left to Right] and ichthyologist, J.T. Andrews, a botanist, and an anthropologist of the Institute of Arctic and Alpine Research (INSTAAR) in Maktak Fjord, Baffin Island.","","Fjords","http://id.worldcat.org/fast/926898","University of Colorado Boulder. Institute of Arctic and Alpine Research","http://id.worldcat.org/fast/609814","Nunavut (Canada, North and Central America) (territory)","http://vocab.getty.edu/page/tgn/7024197","Mountains","http://id.worldcat.org/fast/1028366","Andrews, John T.","local","Auyuittuq National Park (Nunavut, Canada, North and Central America) (park)","http://vocab.getty.edu/page/tgn/9218036","","","","","Baffin (Nunavut, Canada, North and Central America) (island)","http://vocab.getty.edu/page/tgn/7013003","","","","","","","","","","","","","narv_DudleyK_Harvard_0017.tif","https://doi.org/10.60807/y9fgnq","78b1a53d7cdd4cc0ce4046c6ceb923e4","COU:5023 | box 1 | folder 1 | sheet 2 | item 27","This Item is protected by copyright and/or related rights. You are free to use this Item in any way that is permitted by the copyright and related rights legislation that applies to your use. In addition, no permission is required from the rights-holder(s) for educational uses. For other uses, you need to obtain permission from the rights-holder(s).","http://rightsstatements.org/vocab/InC-EDU/1.0/","130","1255567","5533","narv_DudleyK_Harvard_0017.tif","https://cudl.colorado.edu//luna/servlet/detail/CUB~59~59~130~1255567"
"Ken Dudley Field Slides","INSTAAR base camp at Qivittu","Proper","Dudley, K. F. (Kenneth F.), 1920-1994","http://id.loc.gov/authorities/names/no2025135759","Still image","http://id.loc.gov/vocabulary/resourceTypes/img","color films (visual works)","http://vocab.getty.edu/page/aat/300417957","1970-01","2026","1 photographic slide; 2"" x 2""","image/tiff","https://www.iana.org/assignments/media-types/image/tiff","reformatted digital","color film (film, material)","http://vocab.getty.edu/page/aat/300127339","35mm (photographic film size)","http://vocab.getty.edu/page/aat/300263816","A photograph of the Institute of Arctic and Alpine Research (INSTAAR) base camp at Kivitoo.","","Coasts","http://id.worldcat.org/fast/865801","University of Colorado Boulder. Institute of Arctic and Alpine Research","http://id.worldcat.org/fast/609814","Nunavut (Canada, North and Central America) (territory)","http://vocab.getty.edu/page/tgn/7024197","Tents","http://id.worldcat.org/fast/1147746","","","Auyuittuq National Park (Nunavut, Canada, North and Central America) (park)","http://vocab.getty.edu/page/tgn/9218036","Ice floes","http://id.worldcat.org/fast/1743902","","","Kivitoo (Nunavut, Canada, North and Central America) (locale)","http://vocab.getty.edu/page/tgn/9220803","Mountains","http://id.worldcat.org/fast/1028366","","","","","","","","","","","narv_DudleyK_Harvard_0055.tif","https://doi.org/10.60807/rlnoh3","c0901b4b4b849f16b2e453853728c7d8","COU:5023 | box 1 | folder 1 | sheet 5 | item 5","This Item is protected by copyright and/or related rights. You are free to use this Item in any way that is permitted by the copyright and related rights legislation that applies to your use. In addition, no permission is required from the rights-holder(s) for educational uses. For other uses, you need to obtain permission from the rights-holder(s).","http://rightsstatements.org/vocab/InC-EDU/1.0/","168","1255529","5533","narv_DudleyK_Harvard_0055.tif","https://cudl.colorado.edu//luna/servlet/detail/CUB~59~59~168~1255529"
"Ken Dudley Field Slides","INSTAAR botanist at Broughton Island","Proper","Dudley, K. F. (Kenneth F.), 1920-1994","http://id.loc.gov/authorities/names/no2025135759","Still image","http://id.loc.gov/vocabulary/resourceTypes/img","color films (visual works)","http://vocab.getty.edu/page/aat/300417957","1969-09","2026","1 photographic slide; 2"" x 2""","image/tiff","https://www.iana.org/assignments/media-types/image/tiff","reformatted digital","color film (film, material)","http://vocab.getty.edu/page/aat/300127339","35mm (photographic film size)","http://vocab.getty.edu/page/aat/300263816","A photograph of an unidentified botanist with the Institute of Arctic and Alpine Research (INSTAAR) on Broughton Island looking at flowers.","","Botanists","http://id.worldcat.org/fast/836862","University of Colorado Boulder. Institute of Arctic and Alpine Research","http://id.worldcat.org/fast/609814","Nunavut (Canada, North and Central America) (territory)","http://vocab.getty.edu/page/tgn/7024197","Flowers","http://id.worldcat.org/fast/927866","","","Auyuittuq National Park (Nunavut, Canada, North and Central America) (park)","http://vocab.getty.edu/page/tgn/9218036","","","","","Broughton Island (Nunavut, Canada, North and Central America) (island)","http://vocab.getty.edu/page/tgn/9218563","","","","","","","","","","","","","narv_DudleyK_Harvard_0025.tif","https://doi.org/10.60807/m3rrhz","f98e241007e96a7bf55d54e04f0927c9","COU:5023 | box 1 | folder 1 | sheet 3 | item 1","This Item is protected by copyright and/or related rights. You are free to use this Item in any way that is permitted by the copyright and related rights legislation that applies to your use. In addition, no permission is required from the rights-holder(s) for educational uses. For other uses, you need to obtain permission from the rights-holder(s).","http://rightsstatements.org/vocab/InC-EDU/1.0/","138","1255559","5533","narv_DudleyK_Harvard_0025.tif","https://cudl.colorado.edu//luna/servlet/detail/CUB~59~59~138~1255559"
"Ken Dudley Field Slides","INSTAAR group arriving at supply camp at Qivittuk near Quajon Fjord, Baffin Island.","Proper","Dudley, K. F. (Kenneth F.), 1920-1994","http://id.loc.gov/authorities/names/no2025135759","Still image","http://id.loc.gov/vocabulary/resourceTypes/img","color films (visual works)","http://vocab.getty.edu/page/aat/300417957","1969-09","2026","1 photographic slide; 2"" x 2""","image/tiff","https://www.iana.org/assignments/media-types/image/tiff","reformatted digital","color film (film, material)","http://vocab.getty.edu/page/aat/300127339","35mm (photographic film size)","http://vocab.getty.edu/page/aat/300263816","A photograph of unidentified Institute of Arctic and Alpine Research (INSTAAR) members on a boat arriving at the supply camp at Kivituk near Quajon Fjord, Baffin Island.","","Coasts","http://id.worldcat.org/fast/865801","University of Colorado Boulder. Institute of Arctic and Alpine Research","http://id.worldcat.org/fast/609814","Nunavut (Canada, North and Central America) (territory)","http://vocab.getty.edu/page/tgn/7024197","Boats and boating","http://id.worldcat.org/fast/835176","","","Auyuittuq National Park (Nunavut, Canada, North and Central America) (park)","http://vocab.getty.edu/page/tgn/9218036","Icebergs","http://id.worldcat.org/fast/966632","","","Baffin (Nunavut, Canada, North and Central America) (island)","http://vocab.getty.edu/page/tgn/7013003","","","","","","","","","","","","","narv_DudleyK_Harvard_0038.tif","https://doi.org/10.60807/ata9t6","76e9d96493135f2e446ce24aacb8acd4","COU:5023 | box 1 | folder 1 | sheet 3 | item 17","This Item is protected by copyright and/or related rights. You are free to use this Item in any way that is permitted by the copyright and related rights legislation that applies to your use. In addition, no permission is required from the rights-holder(s) for educational uses. For other uses, you need to obtain permission from the rights-holder(s).","http://rightsstatements.org/vocab/InC-EDU/1.0/","151","1255546","5533","narv_DudleyK_Harvard_0038.tif","https://cudl.colorado.edu//luna/servlet/detail/CUB~59~59~151~1255546"
"Ken Dudley Field Slides","INSTAAR Group at Alice’s Restaurant supply camp at head of Narpaing Fjord","Proper","Dudley, K. F. (Kenneth F.), 1920-1994","http://id.loc.gov/authorities/names/no2025135759","Still image","http://id.loc.gov/vocabulary/resourceTypes/img","color films (visual works)","http://vocab.getty.edu/page/aat/300417957","1970-09","2026","1 photographic slide; 2"" x 2""","image/tiff","https://www.iana.org/assignments/media-types/image/tiff","reformatted digital","color film (film, material)","http://vocab.getty.edu/page/aat/300127339","35mm (photographic film size)","http://vocab.getty.edu/page/aat/300263816","A photograph of a group at “Alice’s Restaurant” supply camp for the Institute of Arctic and Alpine Research (INSTAAR) at the head of Narpaing Fjord.","","Mountains","http://id.worldcat.org/fast/1028366","University of Colorado Boulder. Institute of Arctic and Alpine Research","http://id.worldcat.org/fast/609814","Nunavut (Canada, North and Central America) (territory)","http://vocab.getty.edu/page/tgn/7024197","Fjords","http://id.worldcat.org/fast/926898","","","Auyuittuq National Park (Nunavut, Canada, North and Central America) (park)","http://vocab.getty.edu/page/tgn/9218036","Tents","http://id.worldcat.org/fast/1147746","","","","","","","","","","","","","","","","","narv_DudleyK_Harvard_0074.tif","https://doi.org/10.60807/saoo49","5d66d2bffce044a1c8155a4ebd534d1c","COU:5023 | box 1 | folder 1 | sheet 6 | item 17","This Item is protected by copyright and/or related rights. You are free to use this Item in any way that is permitted by the copyright and related rights legislation that applies to your use. In addition, no permission is required from the rights-holder(s) for educational uses. For other uses, you need to obtain permission from the rights-holder(s).","http://rightsstatements.org/vocab/InC-EDU/1.0/","187","1255510","5533","narv_DudleyK_Harvard_0074.tif","https://cudl.colorado.edu//luna/servlet/detail/CUB~59~59~187~1255510"
"Ken Dudley Field Slides","INSTAAR Group at end of 1970 season at Iqaluit enroute to Denver, Colorado.","Proper","Dudley, K. F. (Kenneth F.), 1920-1994","http://id.loc.gov/authorities/names/no2025135759","Still image","http://id.loc.gov/vocabulary/resourceTypes/img","color films (visual works)","http://vocab.getty.edu/page/aat/300417957","1970-04","2026","1 photographic slide; 2"" x 2""","image/tiff","https://www.iana.org/assignments/media-types/image/tiff","reformatted digital","color film (film, material)","http://vocab.getty.edu/page/aat/300127339","35mm (photographic film size)","http://vocab.getty.edu/page/aat/300263816","A photograph of the Institute of Arctic and Alpine Research (INSTAAR) group at the end of the 1970 season at Iqaluit enroute to Denver, Colorado.","","Airplanes","http://id.worldcat.org/fast/803053","University of Colorado Boulder. Institute of Arctic and Alpine Research","http://id.worldcat.org/fast/609814","Nunavut (Canada, North and Central America) (territory)","http://vocab.getty.edu/page/tgn/7024197","Runways (Aeronautics)","http://id.worldcat.org/fast/1101423","","","Auyuittuq National Park (Nunavut, Canada, North and Central America) (park)","http://vocab.getty.edu/page/tgn/9218036","Men","http://id.worldcat.org/fast/1015978","","","Iqaluit (Nunavut, Canada, North and Central America) (airport)","http://vocab.getty.edu/page/tgn/9226140","Women","http://id.worldcat.org/fast/1176568","","","","","","","","","","","narv_DudleyK_Harvard_0112.tif","https://doi.org/10.60807/04kdbf","52ace30121ef7817a76a336b17643fcd","COU:5023 | box 1 | folder 1 | sheet 11 | item 3","This Item is protected by copyright and/or related rights. You are free to use this Item in any way that is permitted by the copyright and related rights legislation that applies to your use. In addition, no permission is required from the rights-holder(s) for educational uses. For other uses, you need to obtain permission from the rights-holder(s).","http://rightsstatements.org/vocab/InC-EDU/1.0/","225","1255472","5533","narv_DudleyK_Harvard_0112.tif","https://cudl.colorado.edu//luna/servlet/detail/CUB~59~59~225~1255472"
"Ken Dudley Field Slides","INSTAAR ichthyologist at Broughton Island","Proper","Dudley, K. F. (Kenneth F.), 1920-1994","http://id.loc.gov/authorities/names/no2025135759","Still image","http://id.loc.gov/vocabulary/resourceTypes/img","color films (visual works)","http://vocab.getty.edu/page/aat/300417957","1969-09","2026","1 photographic slide; 2"" x 2""","image/tiff","https://www.iana.org/assignments/media-types/image/tiff","reformatted digital","color film (film, material)","http://vocab.getty.edu/page/aat/300127339","35mm (photographic film size)","http://vocab.getty.edu/page/aat/300263816","A photograph of an unidentified ichthyologist with the Institute of Arctic and Alpine Research (INSTAAR) on Broughton Island.","","Ichthyologists","http://id.worldcat.org/fast/966713","University of Colorado Boulder. Institute of Arctic and Alpine Research","http://id.worldcat.org/fast/609814","Nunavut (Canada, North and Central America) (territory)","http://vocab.getty.edu/page/tgn/7024197","Coasts","http://id.worldcat.org/fast/865801","","","Auyuittuq National Park (Nunavut, Canada, North and Central America) (park)","http://vocab.getty.edu/page/tgn/9218036","Beaches","http://id.worldcat.org/fast/829107","","","Broughton Island (Nunavut, Canada, North and Central America) (island)","http://vocab.getty.edu/page/tgn/9218563","","","","","","","","","","","","","narv_DudleyK_Harvard_0026.tif","https://doi.org/10.60807/uliws7","05d822581314ce9c77a074ea97435cbb","COU:5023 | box 1 | folder 1 | sheet 3 | item 2","This Item is protected by copyright and/or related rights. You are free to use this Item in any way that is permitted by the copyright and related rights legislation that applies to your use. In addition, no permission is required from the rights-holder(s) for educational uses. For other uses, you need to obtain permission from the rights-holder(s).","http://rightsstatements.org/vocab/InC-EDU/1.0/","139","1255558","5533","narv_DudleyK_Harvard_0026.tif","https://cudl.colorado.edu//luna/servlet/detail/CUB~59~59~139~1255558"
"Ken Dudley Field Slides","Institute of Arctic and Alpine Research base camp at Qivittu, Baffin Island","Proper","Dudley, K. F. (Kenneth F.), 1920-1994","http://id.loc.gov/authorities/names/no2025135759","Still image","http://id.loc.gov/vocabulary/resourceTypes/img","color films (visual works)","http://vocab.getty.edu/page/aat/300417957","1970-01","2026","1 photographic slide; 2"" x 2""","image/tiff","https://www.iana.org/assignments/media-types/image/tiff","reformatted digital","color film (film, material)","http://vocab.getty.edu/page/aat/300127339","35mm (photographic film size)","http://vocab.getty.edu/page/aat/300263816","A photograph of the Institute of Arctic and Alpine Research (INSTAAR) base camp at Kivitoo, Baffin Island.","","Coasts","http://id.worldcat.org/fast/865801","University of Colorado Boulder. Institute of Arctic and Alpine Research","http://id.worldcat.org/fast/609814","Nunavut (Canada, North and Central America) (territory)","http://vocab.getty.edu/page/tgn/7024197","Tents","http://id.worldcat.org/fast/1147746","","","Auyuittuq National Park (Nunavut, Canada, North and Central America) (park)","http://vocab.getty.edu/page/tgn/9218036","Ice floes","http://id.worldcat.org/fast/1743902","","","Baffin (Nunavut, Canada, North and Central America) (island)","http://vocab.getty.edu/page/tgn/7013003","","","","","Kivitoo (Nunavut, Canada, North and Central America) (locale)","http://vocab.getty.edu/page/tgn/9220803","","","","","","","narv_DudleyK_Harvard_0058.tif","https://doi.org/10.60807/jpy5j4","dd4fdc69ab948721f00b8450487179b2","COU:5023 | box 1 | folder 1 | sheet 5 | item 11","This Item is protected by copyright and/or related rights. You are free to use this Item in any way that is permitted by the copyright and related rights legislation that applies to your use. In addition, no permission is required from the rights-holder(s) for educational uses. For other uses, you need to obtain permission from the rights-holder(s).","http://rightsstatements.org/vocab/InC-EDU/1.0/","171","1255526","5533","narv_DudleyK_Harvard_0058.tif","https://cudl.colorado.edu//luna/servlet/detail/CUB~59~59~171~1255526"
"Ken Dudley Field Slides","J.T. Andrews and John Jacobs, INSTAAR descending to Alice’s Restaurant supply camp at head of Narpaing Fjord, Baffin Island","Proper","Dudley, K. F. (Kenneth F.), 1920-1994","http://id.loc.gov/authorities/names/no2025135759","Still image","http://id.loc.gov/vocabulary/resourceTypes/img","color films (visual works)","http://vocab.getty.edu/page/aat/300417957","1970-09","2026","1 photographic slide; 2"" x 2""","image/tiff","https://www.iana.org/assignments/media-types/image/tiff","reformatted digital","color film (film, material)","http://vocab.getty.edu/page/aat/300127339","35mm (photographic film size)","http://vocab.getty.edu/page/aat/300263816","A photograph of J.T. Andrews and John “Jake” Jacobs of the Institute of Arctic and Alpine Research (INSTAAR) descending to “Alice’s Restaurant” supply camp at head of Narpaing Fjord on Baffin Island.","","Mountaineering","http://id.worldcat.org/fast/1028334","University of Colorado Boulder. Institute of Arctic and Alpine Research","http://id.worldcat.org/fast/609814","Nunavut (Canada, North and Central America) (territory)","http://vocab.getty.edu/page/tgn/7024197","Mountains","http://id.worldcat.org/fast/1028366","Andrews, John T.","local","Auyuittuq National Park (Nunavut, Canada, North and Central America) (park)","http://vocab.getty.edu/page/tgn/9218036","Fjords","http://id.worldcat.org/fast/926898","Jacobs, John","local","Baffin (Nunavut, Canada, North and Central America) (island)","http://vocab.getty.edu/page/tgn/7013003","","","","","","","","","","","","","narv_DudleyK_Harvard_0062.tif","https://doi.org/10.60807/p5f4z9","3dd4a7addf0d3928742e8b0eaef034f7","COU:5023 | box 1 | folder 1 | sheet 6 | item 5","This Item is protected by copyright and/or related rights. You are free to use this Item in any way that is permitted by the copyright and related rights legislation that applies to your use. In addition, no permission is required from the rights-holder(s) for educational uses. For other uses, you need to obtain permission from the rights-holder(s).","http://rightsstatements.org/vocab/InC-EDU/1.0/","175","1255522","5533","narv_DudleyK_Harvard_0062.tif","https://cudl.colorado.edu//luna/servlet/detail/CUB~59~59~175~1255522"
"Ken Dudley Field Slides","J.T. Andrews at head of Maktak Fjord Baffin Island searching for evidence of land rise","Proper","Dudley, K. F. (Kenneth F.), 1920-1994","http://id.loc.gov/authorities/names/no2025135759","Still image","http://id.loc.gov/vocabulary/resourceTypes/img","color films (visual works)","http://vocab.getty.edu/page/aat/300417957","1969-09","2026","1 photographic slide; 2"" x 2""","image/tiff","https://www.iana.org/assignments/media-types/image/tiff","reformatted digital","color film (film, material)","http://vocab.getty.edu/page/aat/300127339","35mm (photographic film size)","http://vocab.getty.edu/page/aat/300263816","A photograph of J.T. Andrews at the head of Maktak Fjord on Baffin Island searching for evidence of land rise (shells up on mountains).","","Fjords","http://id.worldcat.org/fast/926898","University of Colorado Boulder. Institute of Arctic and Alpine Research","http://id.worldcat.org/fast/609814","Nunavut (Canada, North and Central America) (territory)","http://vocab.getty.edu/page/tgn/7024197","Mountains","http://id.worldcat.org/fast/1028366","Andrews, John T.","local","Auyuittuq National Park (Nunavut, Canada, North and Central America) (park)","http://vocab.getty.edu/page/tgn/9218036","","","","","Baffin (Nunavut, Canada, North and Central America) (island)","http://vocab.getty.edu/page/tgn/7013003","","","","","","","","","","","","","narv_DudleyK_Harvard_0018.tif","https://doi.org/10.60807/x9ffjz","535b4eba9f4e5cfa89ca64268565c0f8","COU:5023 | box 1 | folder 1 | sheet 2 | item 28","This Item is protected by copyright and/or related rights. You are free to use this Item in any way that is permitted by the copyright and related rights legislation that applies to your use. In addition, no permission is required from the rights-holder(s) for educational uses. For other uses, you need to obtain permission from the rights-holder(s).","http://rightsstatements.org/vocab/InC-EDU/1.0/","131","1255566","5533","narv_DudleyK_Harvard_0018.tif","https://cudl.colorado.edu//luna/servlet/detail/CUB~59~59~131~1255566"
"Ken Dudley Field Slides","J.T. Andrews at Maktak Fjord taking Aneroid Barometer Readings for elevations of shell findings","Proper","Dudley, K. F. (Kenneth F.), 1920-1994","http://id.loc.gov/authorities/names/no2025135759","Still image","http://id.loc.gov/vocabulary/resourceTypes/img","color films (visual works)","http://vocab.getty.edu/page/aat/300417957","1969-09","2026","1 photographic slide; 2"" x 2""","image/tiff","https://www.iana.org/assignments/media-types/image/tiff","reformatted digital","color film (film, material)","http://vocab.getty.edu/page/aat/300127339","35mm (photographic film size)","http://vocab.getty.edu/page/aat/300263816","A photograph of J.T. Andrews at Maktak Fjord taking Aneroid Barometer Readings for elevations of shell findings.","","Fjords","http://id.worldcat.org/fast/926898","University of Colorado Boulder. Institute of Arctic and Alpine Research","http://id.worldcat.org/fast/609814","Nunavut (Canada, North and Central America) (territory)","http://vocab.getty.edu/page/tgn/7024197","Aneroid barometers","http://id.worldcat.org/fast/808643","Andrews, John T.","local","Auyuittuq National Park (Nunavut, Canada, North and Central America) (park)","http://vocab.getty.edu/page/tgn/9218036","","","","","","","","","","","","","","","","","","","narv_DudleyK_Harvard_0019.tif","https://doi.org/10.60807/mm8r3a","1eda0212be8f06cfbec16d323fa92b28","COU:5023 | box 1 | folder 1 | sheet 2 | item 29","This Item is protected by copyright and/or related rights. You are free to use this Item in any way that is permitted by the copyright and related rights legislation that applies to your use. In addition, no permission is required from the rights-holder(s) for educational uses. For other uses, you need to obtain permission from the rights-holder(s).","http://rightsstatements.org/vocab/InC-EDU/1.0/","132","1255565","5533","narv_DudleyK_Harvard_0019.tif","https://cudl.colorado.edu//luna/servlet/detail/CUB~59~59~132~1255565"
"Ken Dudley Field Slides","J.T. Andrews holding shells retrieved from layered soil on side of mountain at Maktak Fjord during study of land rise during ice melt","Proper","Dudley, K. F. (Kenneth F.), 1920-1994","http://id.loc.gov/authorities/names/no2025135759","Still image","http://id.loc.gov/vocabulary/resourceTypes/img","color films (visual works)","http://vocab.getty.edu/page/aat/300417957","1969-09","2026","1 photographic slide; 2"" x 2""","image/tiff","https://www.iana.org/assignments/media-types/image/tiff","reformatted digital","color film (film, material)","http://vocab.getty.edu/page/aat/300127339","35mm (photographic film size)","http://vocab.getty.edu/page/aat/300263816","A photograph of J.T. Andrews's hand holding shells retrieved from layered soil on the side of a mountain at Maktak Fjord during a study on land rise during ice melt.","","Shells","http://id.worldcat.org/fast/1115719","University of Colorado Boulder. Institute of Arctic and Alpine Research","http://id.worldcat.org/fast/609814","Nunavut (Canada, North and Central America) (territory)","http://vocab.getty.edu/page/tgn/7024197","Soils","http://id.worldcat.org/fast/1124682","Andrews, John T.","local","Auyuittuq National Park (Nunavut, Canada, North and Central America) (park)","http://vocab.getty.edu/page/tgn/9218036","Fjords","http://id.worldcat.org/fast/926898","","","","","","","","","","","","","","","","","narv_DudleyK_Harvard_0051.tif","https://doi.org/10.60807/7ru0z4","3dcf54c56c68b973d5ae0b9408fef3af","COU:5023 | box 1 | folder 1 | sheet 4 | item 36","This Item is protected by copyright and/or related rights. You are free to use this Item in any way that is permitted by the copyright and related rights legislation that applies to your use. In addition, no permission is required from the rights-holder(s) for educational uses. For other uses, you need to obtain permission from the rights-holder(s).","http://rightsstatements.org/vocab/InC-EDU/1.0/","164","1255533","5533","narv_DudleyK_Harvard_0051.tif","https://cudl.colorado.edu//luna/servlet/detail/CUB~59~59~164~1255533"
"Ken Dudley Field Slides","J.T. Andrews studyng geological formation along shoreline of Baffin Island near between Qivittu & Narpang Fjord mouth","Proper","Dudley, K. F. (Kenneth F.), 1920-1994","http://id.loc.gov/authorities/names/no2025135759","Still image","http://id.loc.gov/vocabulary/resourceTypes/img","color films (visual works)","http://vocab.getty.edu/page/aat/300417957","1970-01","2026","1 photographic slide; 2"" x 2""","image/tiff","https://www.iana.org/assignments/media-types/image/tiff","reformatted digital","color film (film, material)","http://vocab.getty.edu/page/aat/300127339","35mm (photographic film size)","http://vocab.getty.edu/page/aat/300263816","A photograph of J.T. Andrews studying geological formations along the shoreline of Baffin Island near and between Kivitoo and the Narpang Fjord mouth along Kivituiba’k.","note from donor: See Dudley, 1972. Arctic and Alpine Research v.4, pp. 343-347.","Shorelines","http://id.worldcat.org/fast/1117004","University of Colorado Boulder. Institute of Arctic and Alpine Research","http://id.worldcat.org/fast/609814","Nunavut (Canada, North and Central America) (territory)","http://vocab.getty.edu/page/tgn/7024197","Men","http://id.worldcat.org/fast/1015978","Andrews, John T.","local","Auyuittuq National Park (Nunavut, Canada, North and Central America) (park)","http://vocab.getty.edu/page/tgn/9218036","Drift","http://id.worldcat.org/fast/898076","","","Baffin (Nunavut, Canada, North and Central America) (island)","http://vocab.getty.edu/page/tgn/7013003","Fjords","http://id.worldcat.org/fast/926898","","","Kivitoo (Nunavut, Canada, North and Central America) (locale)","http://vocab.getty.edu/page/tgn/9220803","","","","","","","narv_DudleyK_Harvard_0052.tif","https://doi.org/10.60807/zhbh3a","34b03eabf6c043bbb0e57fcacef21915","COU:5023 | box 1 | folder 1 | sheet 5 | item 2","This Item is protected by copyright and/or related rights. You are free to use this Item in any way that is permitted by the copyright and related rights legislation that applies to your use. In addition, no permission is required from the rights-holder(s) for educational uses. For other uses, you need to obtain permission from the rights-holder(s).","http://rightsstatements.org/vocab/InC-EDU/1.0/","165","1255532","5533","narv_DudleyK_Harvard_0052.tif","https://cudl.colorado.edu//luna/servlet/detail/CUB~59~59~165~1255532"
"Ken Dudley Field Slides","J.T. Andrews, Joannassie Koonaloosie , Roger Barry, Tom Mayberry, packing for trip over sea ice to Narpang Base Camp from Broughton Island","Proper","Dudley, K. F. (Kenneth F.), 1920-1994","http://id.loc.gov/authorities/names/no2025135759","Still image","http://id.loc.gov/vocabulary/resourceTypes/img","color films (visual works)","http://vocab.getty.edu/page/aat/300417957","1970-09","2026","1 photographic slide; 2"" x 2""","image/tiff","https://www.iana.org/assignments/media-types/image/tiff","reformatted digital","color film (film, material)","http://vocab.getty.edu/page/aat/300127339","35mm (photographic film size)","http://vocab.getty.edu/page/aat/300263816","A photograph of [Left to Right] J.T. Andrews, Joannassie Koonaloosie, Roger Barry, and Tom Mayberry packing for trip over sea ice to Narpang Base Camp from Broughton Island.","","Coasts","http://id.worldcat.org/fast/865801","University of Colorado Boulder. Institute of Arctic and Alpine Research","http://id.worldcat.org/fast/609814","Nunavut (Canada, North and Central America) (territory)","http://vocab.getty.edu/page/tgn/7024197","Ice floes","http://id.worldcat.org/fast/1743902","Andrews, John T.","local","Auyuittuq National Park (Nunavut, Canada, North and Central America) (park)","http://vocab.getty.edu/page/tgn/9218036","Men","http://id.worldcat.org/fast/1015978","Koonaloosie, Joannassie","local","Broughton Island (Nunavut, Canada, North and Central America) (island)","http://vocab.getty.edu/page/tgn/9218563","Equipment and supplies","http://id.worldcat.org/fast/1352983","Mayberry, Tom","local","","","Boats and boating","http://id.worldcat.org/fast/835176","Barry, Roger","local","","","narv_DudleyK_Harvard_0084.tif","https://doi.org/10.60807/jnl2y4","03b4f9a147420cb0a1b6799b1c38443a","COU:5023 | box 1 | folder 1 | sheet 8 | item 6","This Item is protected by copyright and/or related rights. You are free to use this Item in any way that is permitted by the copyright and related rights legislation that applies to your use. In addition, no permission is required from the rights-holder(s) for educational uses. For other uses, you need to obtain permission from the rights-holder(s).","http://rightsstatements.org/vocab/InC-EDU/1.0/","197","1255500","5533","narv_DudleyK_Harvard_0084.tif","https://cudl.colorado.edu//luna/servlet/detail/CUB~59~59~197~1255500"
"Ken Dudley Field Slides","Jake and J.T. Andrews descending to head of Narpaing Fjord","Proper","Dudley, K. F. (Kenneth F.), 1920-1994","http://id.loc.gov/authorities/names/no2025135759","Still image","http://id.loc.gov/vocabulary/resourceTypes/img","color films (visual works)","http://vocab.getty.edu/page/aat/300417957","1970-09","2026","1 photographic slide; 2"" x 2""","image/tiff","https://www.iana.org/assignments/media-types/image/tiff","reformatted digital","color film (film, material)","http://vocab.getty.edu/page/aat/300127339","35mm (photographic film size)","http://vocab.getty.edu/page/aat/300263816","A photograph of John “Jake” Jacobs and J.T. Andrews descending to the heads of Narpaing Fjord.","","Mountaineering","http://id.worldcat.org/fast/1028334","University of Colorado Boulder. Institute of Arctic and Alpine Research","http://id.worldcat.org/fast/609814","Nunavut (Canada, North and Central America) (territory)","http://vocab.getty.edu/page/tgn/7024197","Fjords","http://id.worldcat.org/fast/926898","Jacobs, John","local","Auyuittuq National Park (Nunavut, Canada, North and Central America) (park)","http://vocab.getty.edu/page/tgn/9218036","Men","http://id.worldcat.org/fast/1015978","Andrews, John T.","local","","","","","","","","","","","","","","","narv_DudleyK_Harvard_0072.tif","https://doi.org/10.60807/cuzk0p","c028dd25c8ae71e11e2f3189abc2f868","COU:5023 | box 1 | folder 1 | sheet 6 | item 15","This Item is protected by copyright and/or related rights. You are free to use this Item in any way that is permitted by the copyright and related rights legislation that applies to your use. In addition, no permission is required from the rights-holder(s) for educational uses. For other uses, you need to obtain permission from the rights-holder(s).","http://rightsstatements.org/vocab/InC-EDU/1.0/","185","1255512","5533","narv_DudleyK_Harvard_0072.tif","https://cudl.colorado.edu//luna/servlet/detail/CUB~59~59~185~1255512"
"Ken Dudley Field Slides","John Andrews on Boas Glacier enroute to head of Narpaing and supply camp","Proper","Dudley, K. F. (Kenneth F.), 1920-1994","http://id.loc.gov/authorities/names/no2025135759","Still image","http://id.loc.gov/vocabulary/resourceTypes/img","color films (visual works)","http://vocab.getty.edu/page/aat/300417957","1970-09","2026","1 photographic slide; 2"" x 2""","image/tiff","https://www.iana.org/assignments/media-types/image/tiff","reformatted digital","color film (film, material)","http://vocab.getty.edu/page/aat/300127339","35mm (photographic film size)","http://vocab.getty.edu/page/aat/300263816","A photograph of John Andrews on Boas Glacier enroute to head of Narpaing and supply camp.","","Mountaineering","http://id.worldcat.org/fast/1028334","University of Colorado Boulder. Institute of Arctic and Alpine Research","http://id.worldcat.org/fast/609814","Nunavut (Canada, North and Central America) (territory)","http://vocab.getty.edu/page/tgn/7024197","Men","http://id.worldcat.org/fast/1015978","Andrews, John T.","local","Auyuittuq National Park (Nunavut, Canada, North and Central America) (park)","http://vocab.getty.edu/page/tgn/9218036","Mountains","http://id.worldcat.org/fast/1028366","","","","","Glaciers","http://id.worldcat.org/fast/942975","","","","","","","","","","","narv_DudleyK_Harvard_0060.tif","https://doi.org/10.60807/ua45sh","7fd1e1da18ceda702daec47ad05d9c69","COU:5023 | box 1 | folder 1 | sheet 6 | item 3","This Item is protected by copyright and/or related rights. You are free to use this Item in any way that is permitted by the copyright and related rights legislation that applies to your use. In addition, no permission is required from the rights-holder(s) for educational uses. For other uses, you need to obtain permission from the rights-holder(s).","http://rightsstatements.org/vocab/InC-EDU/1.0/","173","1255524","5533","narv_DudleyK_Harvard_0060.tif","https://cudl.colorado.edu//luna/servlet/detail/CUB~59~59~173~1255524"
"Ken Dudley Field Slides","John Jacobs and J.T. Andrews descending to camp at head of Narpaing Fjord from Boas camp","Proper","Dudley, K. F. (Kenneth F.), 1920-1994","http://id.loc.gov/authorities/names/no2025135759","Still image","http://id.loc.gov/vocabulary/resourceTypes/img","color films (visual works)","http://vocab.getty.edu/page/aat/300417957","1970-09","2026","1 photographic slide; 2"" x 2""","image/tiff","https://www.iana.org/assignments/media-types/image/tiff","reformatted digital","color film (film, material)","http://vocab.getty.edu/page/aat/300127339","35mm (photographic film size)","http://vocab.getty.edu/page/aat/300263816","A photograph of John “Jake” Jacobs and J.T. Andrews descending to camp at the head of Narpaing Fjord from Boas camp.","","Mountaineering","http://id.worldcat.org/fast/1028334","University of Colorado Boulder. Institute of Arctic and Alpine Research","http://id.worldcat.org/fast/609814","Nunavut (Canada, North and Central America) (territory)","http://vocab.getty.edu/page/tgn/7024197","Mountains","http://id.worldcat.org/fast/1028366","Andrews, John T.","local","Auyuittuq National Park (Nunavut, Canada, North and Central America) (park)","http://vocab.getty.edu/page/tgn/9218036","Men","http://id.worldcat.org/fast/1015978","Jacobs, John","local","","","Fjords","http://id.worldcat.org/fast/926898","","","","","","","","","","","narv_DudleyK_Harvard_0067.tif","https://doi.org/10.60807/epvr08","417975b5a3d44f7506ca1b538c020fb3","COU:5023 | box 1 | folder 1 | sheet 6 | item 10","This Item is protected by copyright and/or related rights. You are free to use this Item in any way that is permitted by the copyright and related rights legislation that applies to your use. In addition, no permission is required from the rights-holder(s) for educational uses. For other uses, you need to obtain permission from the rights-holder(s).","http://rightsstatements.org/vocab/InC-EDU/1.0/","180","1255517","5533","narv_DudleyK_Harvard_0067.tif","https://cudl.colorado.edu//luna/servlet/detail/CUB~59~59~180~1255517"
"Ken Dudley Field Slides","John Jacobs and J.T. Andrews descending to camp at head of Narpaing Fjord from Boas camp","Proper","Dudley, K. F. (Kenneth F.), 1920-1994","http://id.loc.gov/authorities/names/no2025135759","Still image","http://id.loc.gov/vocabulary/resourceTypes/img","color films (visual works)","http://vocab.getty.edu/page/aat/300417957","1970-09","2026","1 photographic slide; 2"" x 2""","image/tiff","https://www.iana.org/assignments/media-types/image/tiff","reformatted digital","color film (film, material)","http://vocab.getty.edu/page/aat/300127339","35mm (photographic film size)","http://vocab.getty.edu/page/aat/300263816","A photograph of John “Jake” Jacobs and J.T. Andrews descending to camp at head of Narpaing Fjord from Boas camp.","","Mountaineering","http://id.worldcat.org/fast/1028334","University of Colorado Boulder. Institute of Arctic and Alpine Research","http://id.worldcat.org/fast/609814","Nunavut (Canada, North and Central America) (territory)","http://vocab.getty.edu/page/tgn/7024197","Mountains","http://id.worldcat.org/fast/1028366","Andrews, John T.","local","Auyuittuq National Park (Nunavut, Canada, North and Central America) (park)","http://vocab.getty.edu/page/tgn/9218036","Men","http://id.worldcat.org/fast/1015978","Jacobs, John","local","","","Fjords","http://id.worldcat.org/fast/926898","","","","","","","","","","","narv_DudleyK_Harvard_0068.tif","https://doi.org/10.60807/c8jsxy","9c6faa7f5875b7e03b1b2fad9f4cdc07","COU:5023 | box 1 | folder 1 | sheet 6 | item 11","This Item is protected by copyright and/or related rights. You are free to use this Item in any way that is permitted by the copyright and related rights legislation that applies to your use. In addition, no permission is required from the rights-holder(s) for educational uses. For other uses, you need to obtain permission from the rights-holder(s).","http://rightsstatements.org/vocab/InC-EDU/1.0/","181","1255516","5533","narv_DudleyK_Harvard_0068.tif","https://cudl.colorado.edu//luna/servlet/detail/CUB~59~59~181~1255516"
"Ken Dudley Field Slides","John Jacobs and J.T. Andrews of INSTAAR descending to Narpaing from Quajon","Proper","Dudley, K. F. (Kenneth F.), 1920-1994","http://id.loc.gov/authorities/names/no2025135759","Still image","http://id.loc.gov/vocabulary/resourceTypes/img","color films (visual works)","http://vocab.getty.edu/page/aat/300417957","1970-09","2026","1 photographic slide; 2"" x 2""","image/tiff","https://www.iana.org/assignments/media-types/image/tiff","reformatted digital","color film (film, material)","http://vocab.getty.edu/page/aat/300127339","35mm (photographic film size)","http://vocab.getty.edu/page/aat/300263816","A photograph of John “Jake” Jacobs and J.T. Andrews of the Institute of Arctic and Alpine Research (INSTAAR) descending to Narpaing from Quajon.","","Mountaineering","http://id.worldcat.org/fast/1028334","University of Colorado Boulder. Institute of Arctic and Alpine Research","http://id.worldcat.org/fast/609814","Nunavut (Canada, North and Central America) (territory)","http://vocab.getty.edu/page/tgn/7024197","Mountains","http://id.worldcat.org/fast/1028366","Andrews, John T.","local","Auyuittuq National Park (Nunavut, Canada, North and Central America) (park)","http://vocab.getty.edu/page/tgn/9218036","Men","http://id.worldcat.org/fast/1015978","Jacobs, John","local","","","","","","","","","","","","","","","narv_DudleyK_Harvard_0066.tif","https://doi.org/10.60807/6cwcya","3f53fa19afa0fc52fca465343b04914c","COU:5023 | box 1 | folder 1 | sheet 6 | item 9","This Item is protected by copyright and/or related rights. You are free to use this Item in any way that is permitted by the copyright and related rights legislation that applies to your use. In addition, no permission is required from the rights-holder(s) for educational uses. For other uses, you need to obtain permission from the rights-holder(s).","http://rightsstatements.org/vocab/InC-EDU/1.0/","179","1255518","5533","narv_DudleyK_Harvard_0066.tif","https://cudl.colorado.edu//luna/servlet/detail/CUB~59~59~179~1255518"
"Ken Dudley Field Slides","John Jacobs and J.T. Andrews on hike to Narpaing from Boas Glacier camp","Proper","Dudley, K. F. (Kenneth F.), 1920-1994","http://id.loc.gov/authorities/names/no2025135759","Still image","http://id.loc.gov/vocabulary/resourceTypes/img","color films (visual works)","http://vocab.getty.edu/page/aat/300417957","1970-09","2026","1 photographic slide; 2"" x 2""","image/tiff","https://www.iana.org/assignments/media-types/image/tiff","reformatted digital","color film (film, material)","http://vocab.getty.edu/page/aat/300127339","35mm (photographic film size)","http://vocab.getty.edu/page/aat/300263816","A photograph of J.T. Andrews and John “Jake” Jacobs on a hike to Narpaing from Boas Glacier camp.","","Mountaineering","http://id.worldcat.org/fast/1028334","University of Colorado Boulder. Institute of Arctic and Alpine Research","http://id.worldcat.org/fast/609814","Nunavut (Canada, North and Central America) (territory)","http://vocab.getty.edu/page/tgn/7024197","Mountains","http://id.worldcat.org/fast/1028366","Andrews, John T.","local","Auyuittuq National Park (Nunavut, Canada, North and Central America) (park)","http://vocab.getty.edu/page/tgn/9218036","","","Jacobs, John","local","","","","","","","","","","","","","","","narv_DudleyK_Harvard_0063.tif","https://doi.org/10.60807/u2t2k9","f9f38106395fe1338164b4cb8a97490e","COU:5023 | box 1 | folder 1 | sheet 6 | item 6","This Item is protected by copyright and/or related rights. You are free to use this Item in any way that is permitted by the copyright and related rights legislation that applies to your use. In addition, no permission is required from the rights-holder(s) for educational uses. For other uses, you need to obtain permission from the rights-holder(s).","http://rightsstatements.org/vocab/InC-EDU/1.0/","176","1255521","5533","narv_DudleyK_Harvard_0063.tif","https://cudl.colorado.edu//luna/servlet/detail/CUB~59~59~176~1255521"
"Ken Dudley Field Slides","John Jacobs descending from Boas Glacier to supply camp at head of Narpaing Fjord","Proper","Dudley, K. F. (Kenneth F.), 1920-1994","http://id.loc.gov/authorities/names/no2025135759","Still image","http://id.loc.gov/vocabulary/resourceTypes/img","color films (visual works)","http://vocab.getty.edu/page/aat/300417957","1970-09","2026","1 photographic slide; 2"" x 2""","image/tiff","https://www.iana.org/assignments/media-types/image/tiff","reformatted digital","color film (film, material)","http://vocab.getty.edu/page/aat/300127339","35mm (photographic film size)","http://vocab.getty.edu/page/aat/300263816","A photograph of John “Jake” Jacobs descending from Boas Glacier to supply camp at head of Narpaing Fjord.","","Mountaineering","http://id.worldcat.org/fast/1028334","University of Colorado Boulder. Institute of Arctic and Alpine Research","http://id.worldcat.org/fast/609814","Nunavut (Canada, North and Central America) (territory)","http://vocab.getty.edu/page/tgn/7024197","Fjords","http://id.worldcat.org/fast/926898","Jacobs, John","local","Auyuittuq National Park (Nunavut, Canada, North and Central America) (park)","http://vocab.getty.edu/page/tgn/9218036","Glaciers","http://id.worldcat.org/fast/942975","","","","","Men","http://id.worldcat.org/fast/1015978","","","","","","","","","","","narv_DudleyK_Harvard_0071.tif","https://doi.org/10.60807/2lluov","195d1e8d16ecaff88c29f6c4b2af0ca3","COU:5023 | box 1 | folder 1 | sheet 6 | item 14","This Item is protected by copyright and/or related rights. You are free to use this Item in any way that is permitted by the copyright and related rights legislation that applies to your use. In addition, no permission is required from the rights-holder(s) for educational uses. For other uses, you need to obtain permission from the rights-holder(s).","http://rightsstatements.org/vocab/InC-EDU/1.0/","184","1255513","5533","narv_DudleyK_Harvard_0071.tif","https://cudl.colorado.edu//luna/servlet/detail/CUB~59~59~184~1255513"
"Ken Dudley Field Slides","John Jacobs of INSTAAR during solar analysis (?) testing at Narpaing and Boas Glacier","Proper","Dudley, K. F. (Kenneth F.), 1920-1994","http://id.loc.gov/authorities/names/no2025135759","Still image","http://id.loc.gov/vocabulary/resourceTypes/img","color films (visual works)","http://vocab.getty.edu/page/aat/300417957","1970-09","2026","1 photographic slide; 2"" x 2""","image/tiff","https://www.iana.org/assignments/media-types/image/tiff","reformatted digital","color film (film, material)","http://vocab.getty.edu/page/aat/300127339","35mm (photographic film size)","http://vocab.getty.edu/page/aat/300263816","A photograph of John ""Jake"" Jacobs of the Institute of Arctic and Alpine Research (INSTAAR) during Solar [Analysis] Testing at Narpaing and Boas Glacier.","","Glaciers","http://id.worldcat.org/fast/942975","University of Colorado Boulder. Institute of Arctic and Alpine Research","http://id.worldcat.org/fast/609814","Nunavut (Canada, North and Central America) (territory)","http://vocab.getty.edu/page/tgn/7024197","Testing--Equipment and supplies","http://id.worldcat.org/fast/1148244","Jacobs, John","local","Auyuittuq National Park (Nunavut, Canada, North and Central America) (park)","http://vocab.getty.edu/page/tgn/9218036","Men","http://id.worldcat.org/fast/1015978","","","","","","","","","","","","","","","","","narv_DudleyK_Harvard_0078.tif","https://doi.org/10.60807/hpdy2y","058238fb6556192a62e1b2315b5f7357","COU:5023 | box 1 | folder 1 | sheet 7 | item 33","This Item is protected by copyright and/or related rights. You are free to use this Item in any way that is permitted by the copyright and related rights legislation that applies to your use. In addition, no permission is required from the rights-holder(s) for educational uses. For other uses, you need to obtain permission from the rights-holder(s).","http://rightsstatements.org/vocab/InC-EDU/1.0/","191","1255506","5533","narv_DudleyK_Harvard_0078.tif","https://cudl.colorado.edu//luna/servlet/detail/CUB~59~59~191~1255506"
"Ken Dudley Field Slides","John T. Andrews of INSTAAR and Tom Mayberry cinematographer from California waiting at Broughton Island ice to break for trip to Narpang Fjord","Proper","Dudley, K. F. (Kenneth F.), 1920-1994","http://id.loc.gov/authorities/names/no2025135759","Still image","http://id.loc.gov/vocabulary/resourceTypes/img","color films (visual works)","http://vocab.getty.edu/page/aat/300417957","1970-09","2026","1 photographic slide; 2"" x 2""","image/tiff","https://www.iana.org/assignments/media-types/image/tiff","reformatted digital","color film (film, material)","http://vocab.getty.edu/page/aat/300127339","35mm (photographic film size)","http://vocab.getty.edu/page/aat/300263816","A photograph of J.T. Andrews of the Institute of Arctic and Alpine Research (INSTAAR) and Tom Mayberry (cinematographer) from California waiting at Broughton Island ice to break for a trip to Narpang, Fjord.","","Cameras","http://id.worldcat.org/fast/844732","University of Colorado Boulder. Institute of Arctic and Alpine Research","http://id.worldcat.org/fast/609814","Nunavut (Canada, North and Central America) (territory)","http://vocab.getty.edu/page/tgn/7024197","Men","http://id.worldcat.org/fast/1015978","Jacobs, John","local","Auyuittuq National Park (Nunavut, Canada, North and Central America) (park)","http://vocab.getty.edu/page/tgn/9218036","","","Mayberry, Tom","local","Broughton Island (Nunavut, Canada, North and Central America) (island)","http://vocab.getty.edu/page/tgn/9218563","","","","","","","","","","","","","narv_DudleyK_Harvard_0079.tif","https://doi.org/10.60807/g5co4r","4a97f5c4f46ce95df4e3f84435940014","COU:5023 | box 1 | folder 1 | sheet 7 | item 34","This Item is protected by copyright and/or related rights. You are free to use this Item in any way that is permitted by the copyright and related rights legislation that applies to your use. In addition, no permission is required from the rights-holder(s) for educational uses. For other uses, you need to obtain permission from the rights-holder(s).","http://rightsstatements.org/vocab/InC-EDU/1.0/","192","1255505","5533","narv_DudleyK_Harvard_0079.tif","https://cudl.colorado.edu//luna/servlet/detail/CUB~59~59~192~1255505"
"Ken Dudley Field Slides","Jon at Base Camp of INSTAAR on outer coast of Baffin Island at mouth of Narpang Fjord assisting Dave Pheasant","Proper","Dudley, K. F. (Kenneth F.), 1920-1994","http://id.loc.gov/authorities/names/no2025135759","Still image","http://id.loc.gov/vocabulary/resourceTypes/img","color films (visual works)","http://vocab.getty.edu/page/aat/300417957","1970-09","2026","1 photographic slide; 2"" x 2""","image/tiff","https://www.iana.org/assignments/media-types/image/tiff","reformatted digital","color film (film, material)","http://vocab.getty.edu/page/aat/300127339","35mm (photographic film size)","http://vocab.getty.edu/page/aat/300263816","A photograph of Jon at Base Camp of the Institute of Arctic and Alpine Research (INSTAAR) on outer coast of Baffin Island at mouth of Narpang Fjord assisting Dave Pheasant.","","Coasts","http://id.worldcat.org/fast/865801","University of Colorado Boulder. Institute of Arctic and Alpine Research","http://id.worldcat.org/fast/609814","Nunavut (Canada, North and Central America) (territory)","http://vocab.getty.edu/page/tgn/7024197","Fjords","http://id.worldcat.org/fast/926898","Dudley, Jon","local","Auyuittuq National Park (Nunavut, Canada, North and Central America) (park)","http://vocab.getty.edu/page/tgn/9218036","Boats and boating","http://id.worldcat.org/fast/835176","","","Baffin (Nunavut, Canada, North and Central America) (island)","http://vocab.getty.edu/page/tgn/7013003","","","","","","","","","","","","","narv_DudleyK_Harvard_0091.tif","https://doi.org/10.60807/tzgr0e","66de282d3a7898913ead3479a4d76c28","COU:5023 | box 1 | folder 1 | sheet 10 | item 8","This Item is protected by copyright and/or related rights. You are free to use this Item in any way that is permitted by the copyright and related rights legislation that applies to your use. In addition, no permission is required from the rights-holder(s) for educational uses. For other uses, you need to obtain permission from the rights-holder(s).","http://rightsstatements.org/vocab/InC-EDU/1.0/","204","1255493","5533","narv_DudleyK_Harvard_0091.tif","https://cudl.colorado.edu//luna/servlet/detail/CUB~59~59~204~1255493"
"Ken Dudley Field Slides","Jon at Base Camp of INSTAAR on outer coast of Baffin Island at mouth of Narpang Fjord assisting Dave Pheasant","Proper","Dudley, K. F. (Kenneth F.), 1920-1994","http://id.loc.gov/authorities/names/no2025135759","Still image","http://id.loc.gov/vocabulary/resourceTypes/img","color films (visual works)","http://vocab.getty.edu/page/aat/300417957","1970-09","2026","1 photographic slide; 2"" x 2""","image/tiff","https://www.iana.org/assignments/media-types/image/tiff","reformatted digital","color film (film, material)","http://vocab.getty.edu/page/aat/300127339","35mm (photographic film size)","http://vocab.getty.edu/page/aat/300263816","A photograph of Jon Dudley at Base Camp of the Institute of Arctic and Alpine Research (INSTAAR) on the outer coast of Baffin Island, at the mouth of Narpang Fjord assisting Dave Pheasant.","","Fjords","http://id.worldcat.org/fast/926898","University of Colorado Boulder. Institute of Arctic and Alpine Research","http://id.worldcat.org/fast/609814","Nunavut (Canada, North and Central America) (territory)","http://vocab.getty.edu/page/tgn/7024197","Men","http://id.worldcat.org/fast/1015978","Dudley, Jon","local","Auyuittuq National Park (Nunavut, Canada, North and Central America) (park)","http://vocab.getty.edu/page/tgn/9218036","Tents","http://id.worldcat.org/fast/1147746","","","Baffin (Nunavut, Canada, North and Central America) (island)","http://vocab.getty.edu/page/tgn/7013003","","","","","","","","","","","","","narv_DudleyK_Harvard_0095.tif","https://doi.org/10.60807/mb5k4t","66de282d3a7898913ead3479a4d76c28","COU:5023 | box 1 | folder 1 | sheet 10 | item 8","This Item is protected by copyright and/or related rights. You are free to use this Item in any way that is permitted by the copyright and related rights legislation that applies to your use. In addition, no permission is required from the rights-holder(s) for educational uses. For other uses, you need to obtain permission from the rights-holder(s).","http://rightsstatements.org/vocab/InC-EDU/1.0/","208","1255489","5533","narv_DudleyK_Harvard_0095.tif","https://cudl.colorado.edu//luna/servlet/detail/CUB~59~59~208~1255489"
"Ken Dudley Field Slides","Jon at controls of PBY on landing at Iqaluit from Narpang Fjord. 1970.","Proper","Dudley, K. F. (Kenneth F.), 1920-1994","http://id.loc.gov/authorities/names/no2025135759","Still image","http://id.loc.gov/vocabulary/resourceTypes/img","color films (visual works)","http://vocab.getty.edu/page/aat/300417957","1970-09","2026","1 photographic slide; 2"" x 2""","image/tiff","https://www.iana.org/assignments/media-types/image/tiff","reformatted digital","color film (film, material)","http://vocab.getty.edu/page/aat/300127339","35mm (photographic film size)","http://vocab.getty.edu/page/aat/300263816","A photograph of Jon Dudley sitting at the controls of the PBY aircraft on air strip at Iqaluit from Narpang Fjord.","","Catalina (Seaplane)","http://id.worldcat.org/fast/848647","University of Colorado Boulder. Institute of Arctic and Alpine Research","http://id.worldcat.org/fast/609814","Nunavut (Canada, North and Central America) (territory)","http://vocab.getty.edu/page/tgn/7024197","Runways (Aeronautics)","http://id.worldcat.org/fast/1101423","Dudley, Jon","local","Auyuittuq National Park (Nunavut, Canada, North and Central America) (park)","http://vocab.getty.edu/page/tgn/9218036","Men","http://id.worldcat.org/fast/1015978","","","Iqaluit (Nunavut, Canada, North and Central America) (airport)","http://vocab.getty.edu/page/tgn/9226140","","","","","","","","","","","","","narv_DudleyK_Harvard_0108.tif","https://doi.org/10.60807/0ct4dg","352a7f231d302810ede901c280a37ac5","COU:5023 | box 1 | folder 1 | sheet 11 | item 27","This Item is protected by copyright and/or related rights. You are free to use this Item in any way that is permitted by the copyright and related rights legislation that applies to your use. In addition, no permission is required from the rights-holder(s) for educational uses. For other uses, you need to obtain permission from the rights-holder(s).","http://rightsstatements.org/vocab/InC-EDU/1.0/","221","1255476","5533","narv_DudleyK_Harvard_0108.tif","https://cudl.colorado.edu//luna/servlet/detail/CUB~59~59~221~1255476"
"Ken Dudley Field Slides","Jon at controls of PBY which flew us from Narpang Fjord to Iqaluit. 1970.","Proper","Dudley, K. F. (Kenneth F.), 1920-1994","http://id.loc.gov/authorities/names/no2025135759","Still image","http://id.loc.gov/vocabulary/resourceTypes/img","color films (visual works)","http://vocab.getty.edu/page/aat/300417957","1970-09","2026","1 photographic slide; 2"" x 2""","image/tiff","https://www.iana.org/assignments/media-types/image/tiff","reformatted digital","color film (film, material)","http://vocab.getty.edu/page/aat/300127339","35mm (photographic film size)","http://vocab.getty.edu/page/aat/300263816","A photograph of Jon Dudley sitting at the controls of the PBY aircraft on air strip which flew group from Narpang Fjord to Iqaluit.","","Catalina (Seaplane)","http://id.worldcat.org/fast/848647","University of Colorado Boulder. Institute of Arctic and Alpine Research","http://id.worldcat.org/fast/609814","Nunavut (Canada, North and Central America) (territory)","http://vocab.getty.edu/page/tgn/7024197","Runways (Aeronautics)","http://id.worldcat.org/fast/1101423","Dudley, Jon","local","Auyuittuq National Park (Nunavut, Canada, North and Central America) (park)","http://vocab.getty.edu/page/tgn/9218036","Men","http://id.worldcat.org/fast/1015978","","","Iqaluit (Nunavut, Canada, North and Central America) (airport)","http://vocab.getty.edu/page/tgn/9226140","","","","","","","","","","","","","narv_DudleyK_Harvard_0109.tif","https://doi.org/10.60807/7cioi8","a6c3cbbcb9da7925e944db4fe04d3cd8","COU:5023 | box 1 | folder 1 | sheet 11 | item 28","This Item is protected by copyright and/or related rights. You are free to use this Item in any way that is permitted by the copyright and related rights legislation that applies to your use. In addition, no permission is required from the rights-holder(s) for educational uses. For other uses, you need to obtain permission from the rights-holder(s).","http://rightsstatements.org/vocab/InC-EDU/1.0/","222","1255475","5533","narv_DudleyK_Harvard_0109.tif","https://cudl.colorado.edu//luna/servlet/detail/CUB~59~59~222~1255475"
"Ken Dudley Field Slides","Jon Dudley and Dave Pheasant at King Harvest Camp, Narpang Fjord, Baffin Island","Proper","Dudley, K. F. (Kenneth F.), 1920-1994","http://id.loc.gov/authorities/names/no2025135759","Still image","http://id.loc.gov/vocabulary/resourceTypes/img","color films (visual works)","http://vocab.getty.edu/page/aat/300417957","1970-06/1970-08","2026","1 photographic slide; 2"" x 2""","image/tiff","https://www.iana.org/assignments/media-types/image/tiff","reformatted digital","color film (film, material)","http://vocab.getty.edu/page/aat/300127339","35mm (photographic film size)","http://vocab.getty.edu/page/aat/300263816","A photograph of Jon Dudley and Dave Pheasant at “King Harvest Camp” during the summer 1970 at Narpang Fjord, Baffin Island.","","Tents","http://id.worldcat.org/fast/1147746","University of Colorado Boulder. Institute of Arctic and Alpine Research","http://id.worldcat.org/fast/609814","Nunavut (Canada, North and Central America) (territory)","http://vocab.getty.edu/page/tgn/7024197","Men","http://id.worldcat.org/fast/1015978","Dudley, Jon","local","Auyuittuq National Park (Nunavut, Canada, North and Central America) (park)","http://vocab.getty.edu/page/tgn/9218036","Equipment and supplies","http://id.worldcat.org/fast/1352983","Pheasant, Dave","local","Baffin (Nunavut, Canada, North and Central America) (island)","http://vocab.getty.edu/page/tgn/7013003","","","","","","","","","","","","","narv_DudleyK_Harvard_0104.tif","https://doi.org/10.60807/u78vz3","6f68738bb5706c3183db29e83f6dc764","COU:5023 | box 1 | folder 1 | sheet 10 | item 20","This Item is protected by copyright and/or related rights. You are free to use this Item in any way that is permitted by the copyright and related rights legislation that applies to your use. In addition, no permission is required from the rights-holder(s) for educational uses. For other uses, you need to obtain permission from the rights-holder(s).","http://rightsstatements.org/vocab/InC-EDU/1.0/","217","1255480","5533","narv_DudleyK_Harvard_0104.tif","https://cudl.colorado.edu//luna/servlet/detail/CUB~59~59~217~1255480"
"Ken Dudley Field Slides","Jon Dudley and Giff Miller at camp at the mouth of Narpaing Fjord","Proper","Dudley, K. F. (Kenneth F.), 1920-1994","http://id.loc.gov/authorities/names/no2025135759","Still image","http://id.loc.gov/vocabulary/resourceTypes/img","color films (visual works)","http://vocab.getty.edu/page/aat/300417957","1970-09","2026","1 photographic slide; 2"" x 2""","image/tiff","https://www.iana.org/assignments/media-types/image/tiff","reformatted digital","color film (film, material)","http://vocab.getty.edu/page/aat/300127339","35mm (photographic film size)","http://vocab.getty.edu/page/aat/300263816","A photograph of Jon Dudley (standing on the bow of a boat) and Giff Miller (standing in the background) at camp at the mouth of Narpaing Fjord.","","Fjords","http://id.worldcat.org/fast/926898","University of Colorado Boulder. Institute of Arctic and Alpine Research","http://id.worldcat.org/fast/609814","Nunavut (Canada, North and Central America) (territory)","http://vocab.getty.edu/page/tgn/7024197","Men","http://id.worldcat.org/fast/1015978","Dudley, Jon","local","Auyuittuq National Park (Nunavut, Canada, North and Central America) (park)","http://vocab.getty.edu/page/tgn/9218036","Boats and boating","http://id.worldcat.org/fast/835176","Miller, Gifford H.","local","","","","","","","","","","","","","","","narv_DudleyK_Harvard_0094.tif","https://doi.org/10.60807/ykxmcx","34fcb7f2e6b4fa13c7a81b2f956ae707","COU:5023 | box 1 | folder 1 | sheet 10 | item 3","This Item is protected by copyright and/or related rights. You are free to use this Item in any way that is permitted by the copyright and related rights legislation that applies to your use. In addition, no permission is required from the rights-holder(s) for educational uses. For other uses, you need to obtain permission from the rights-holder(s).","http://rightsstatements.org/vocab/InC-EDU/1.0/","207","1255490","5533","narv_DudleyK_Harvard_0094.tif","https://cudl.colorado.edu//luna/servlet/detail/CUB~59~59~207~1255490"
"Ken Dudley Field Slides","Jon Dudley at base camp ready to leave for the outer coastline to meet Dave Pheasant of INSTAAR","Proper","Dudley, K. F. (Kenneth F.), 1920-1994","http://id.loc.gov/authorities/names/no2025135759","Still image","http://id.loc.gov/vocabulary/resourceTypes/img","color films (visual works)","http://vocab.getty.edu/page/aat/300417957","1970-09","2026","1 photographic slide; 2"" x 2""","image/tiff","https://www.iana.org/assignments/media-types/image/tiff","reformatted digital","color film (film, material)","http://vocab.getty.edu/page/aat/300127339","35mm (photographic film size)","http://vocab.getty.edu/page/aat/300263816","A photograph of Jon Dudley at Base Camp ready to leave for the outer coastline to meet Dave Pheasant of the Institute of Arctic and Alpine Research (INSTAAR).","","Tents","http://id.worldcat.org/fast/1147746","University of Colorado Boulder. Institute of Arctic and Alpine Research","http://id.worldcat.org/fast/609814","Nunavut (Canada, North and Central America) (territory)","http://vocab.getty.edu/page/tgn/7024197","Men","http://id.worldcat.org/fast/1015978","Dudley, Jon","local","Auyuittuq National Park (Nunavut, Canada, North and Central America) (park)","http://vocab.getty.edu/page/tgn/9218036","Equipment and supplies","http://id.worldcat.org/fast/1352983","","","","","","","","","","","","","","","","","narv_DudleyK_Harvard_0096.tif","https://doi.org/10.60807/cw83xl","96b2b3ca60236c0d41a8ee6bfd5b1885","COU:5023 | box 1 | folder 1 | sheet 10 | item 9","This Item is protected by copyright and/or related rights. You are free to use this Item in any way that is permitted by the copyright and related rights legislation that applies to your use. In addition, no permission is required from the rights-holder(s) for educational uses. For other uses, you need to obtain permission from the rights-holder(s).","http://rightsstatements.org/vocab/InC-EDU/1.0/","209","1255488","5533","narv_DudleyK_Harvard_0096.tif","https://cudl.colorado.edu//luna/servlet/detail/CUB~59~59~209~1255488"
"Ken Dudley Field Slides","Jon Dudley at Narpang Fjord, Baffin Island","Proper","Dudley, K. F. (Kenneth F.), 1920-1994","http://id.loc.gov/authorities/names/no2025135759","Still image","http://id.loc.gov/vocabulary/resourceTypes/img","color films (visual works)","http://vocab.getty.edu/page/aat/300417957","1970-09","2026","1 photographic slide; 2"" x 2""","image/tiff","https://www.iana.org/assignments/media-types/image/tiff","reformatted digital","color film (film, material)","http://vocab.getty.edu/page/aat/300127339","35mm (photographic film size)","http://vocab.getty.edu/page/aat/300263816","A photograph of Jon Dudley at Narpang Fjord, Baffin Island.","","Fjords","http://id.worldcat.org/fast/926898","University of Colorado Boulder. Institute of Arctic and Alpine Research","http://id.worldcat.org/fast/609814","Nunavut (Canada, North and Central America) (territory)","http://vocab.getty.edu/page/tgn/7024197","Men","http://id.worldcat.org/fast/1015978","Dudley, Jon","local","Auyuittuq National Park (Nunavut, Canada, North and Central America) (park)","http://vocab.getty.edu/page/tgn/9218036","","","","","Baffin (Nunavut, Canada, North and Central America) (island)","http://vocab.getty.edu/page/tgn/7013003","","","","","","","","","","","","","narv_DudleyK_Harvard_0098.tif","https://doi.org/10.60807/zh34yq","dec3c346023244ece02fbe0affe67223","COU:5023 | box 1 | folder 1 | sheet 10 | item 11","This Item is protected by copyright and/or related rights. You are free to use this Item in any way that is permitted by the copyright and related rights legislation that applies to your use. In addition, no permission is required from the rights-holder(s) for educational uses. For other uses, you need to obtain permission from the rights-holder(s).","http://rightsstatements.org/vocab/InC-EDU/1.0/","211","1255486","5533","narv_DudleyK_Harvard_0098.tif","https://cudl.colorado.edu//luna/servlet/detail/CUB~59~59~211~1255486"
"Ken Dudley Field Slides","Jon Dudley leaving camp at the mouth of Narpaing Fjord to meet Dave Pheasant","Proper","Dudley, K. F. (Kenneth F.), 1920-1994","http://id.loc.gov/authorities/names/no2025135759","Still image","http://id.loc.gov/vocabulary/resourceTypes/img","color films (visual works)","http://vocab.getty.edu/page/aat/300417957","1970-09","2026","1 photographic slide; 2"" x 2""","image/tiff","https://www.iana.org/assignments/media-types/image/tiff","reformatted digital","color film (film, material)","http://vocab.getty.edu/page/aat/300127339","35mm (photographic film size)","http://vocab.getty.edu/page/aat/300263816","A photograph of Jon Dudley leaving camp at the mouth of Narpaing Fjord to meet Dave Pheasant.","","Equipment and supplies","http://id.worldcat.org/fast/1352983","University of Colorado Boulder. Institute of Arctic and Alpine Research","http://id.worldcat.org/fast/609814","Nunavut (Canada, North and Central America) (territory)","http://vocab.getty.edu/page/tgn/7024197","Men","http://id.worldcat.org/fast/1015978","Dudley, Jon","local","Auyuittuq National Park (Nunavut, Canada, North and Central America) (park)","http://vocab.getty.edu/page/tgn/9218036","Rifles","http://id.worldcat.org/fast/1097825","","","","","Fjords","http://id.worldcat.org/fast/926898","","","","","","","","","","","narv_DudleyK_Harvard_0097.tif","https://doi.org/10.60807/an3urs","f122c758c5cc3abb678a8c94ad2686ea","COU:5023 | box 1 | folder 1 | sheet 10 | item 10","This Item is protected by copyright and/or related rights. You are free to use this Item in any way that is permitted by the copyright and related rights legislation that applies to your use. In addition, no permission is required from the rights-holder(s) for educational uses. For other uses, you need to obtain permission from the rights-holder(s).","http://rightsstatements.org/vocab/InC-EDU/1.0/","210","1255487","5533","narv_DudleyK_Harvard_0097.tif","https://cudl.colorado.edu//luna/servlet/detail/CUB~59~59~210~1255487"
"Ken Dudley Field Slides","Jon Dudley on mountain top to left of moon behind base camp site at mouth of Narpang Fjord Baffin Island","Proper","Dudley, K. F. (Kenneth F.), 1920-1994","http://id.loc.gov/authorities/names/no2025135759","Still image","http://id.loc.gov/vocabulary/resourceTypes/img","color films (visual works)","http://vocab.getty.edu/page/aat/300417957","1970-09","2026","1 photographic slide; 2"" x 2""","image/tiff","https://www.iana.org/assignments/media-types/image/tiff","reformatted digital","color film (film, material)","http://vocab.getty.edu/page/aat/300127339","35mm (photographic film size)","http://vocab.getty.edu/page/aat/300263816","A photograph of Jon Dudley on a mountain top to the left of the moon behind Base Camp at the mouth of Narpang Fjord on Baffin Island.","","Moons","local","University of Colorado Boulder. Institute of Arctic and Alpine Research","http://id.worldcat.org/fast/609814","Nunavut (Canada, North and Central America) (territory)","http://vocab.getty.edu/page/tgn/7024197","Men","http://id.worldcat.org/fast/1015978","Dudley, Jon","local","Auyuittuq National Park (Nunavut, Canada, North and Central America) (park)","http://vocab.getty.edu/page/tgn/9218036","Mountains","http://id.worldcat.org/fast/1028366","","","Baffin (Nunavut, Canada, North and Central America) (island)","http://vocab.getty.edu/page/tgn/7013003","","","","","","","","","","","","","narv_DudleyK_Harvard_0099.tif","https://doi.org/10.60807/rlyef4","1c008de39af43af2c6b6ad63d55fe0d6","COU:5023 | box 1 | folder 1 | sheet 10 | item 12","This Item is protected by copyright and/or related rights. You are free to use this Item in any way that is permitted by the copyright and related rights legislation that applies to your use. In addition, no permission is required from the rights-holder(s) for educational uses. For other uses, you need to obtain permission from the rights-holder(s).","http://rightsstatements.org/vocab/InC-EDU/1.0/","212","1255485","5533","narv_DudleyK_Harvard_0099.tif","https://cudl.colorado.edu//luna/servlet/detail/CUB~59~59~212~1255485"
"Ken Dudley Field Slides","Jon Dudleyat Base Camp of INSTAAR at mouth of Narpang Fjord Baffin Island","Proper","Dudley, K. F. (Kenneth F.), 1920-1994","http://id.loc.gov/authorities/names/no2025135759","Still image","http://id.loc.gov/vocabulary/resourceTypes/img","color films (visual works)","http://vocab.getty.edu/page/aat/300417957","1970-09","2026","1 photographic slide; 2"" x 2""","image/tiff","https://www.iana.org/assignments/media-types/image/tiff","reformatted digital","color film (film, material)","http://vocab.getty.edu/page/aat/300127339","35mm (photographic film size)","http://vocab.getty.edu/page/aat/300263816","A photograph of Jon Dudley at Base Camp of the Institute of Arctic and Alpine Research (INSTAAR) at the mouth of Narpang Fjord on Baffin Island.","","Fjords","http://id.worldcat.org/fast/926898","University of Colorado Boulder. Institute of Arctic and Alpine Research","http://id.worldcat.org/fast/609814","Nunavut (Canada, North and Central America) (territory)","http://vocab.getty.edu/page/tgn/7024197","Men","http://id.worldcat.org/fast/1015978","Dudley, Jon","local","Auyuittuq National Park (Nunavut, Canada, North and Central America) (park)","http://vocab.getty.edu/page/tgn/9218036","Rifles","http://id.worldcat.org/fast/1097825","","","Baffin (Nunavut, Canada, North and Central America) (island)","http://vocab.getty.edu/page/tgn/7013003","","","","","","","","","","","","","narv_DudleyK_Harvard_0093.tif","https://doi.org/10.60807/ywkxe5","7930c87d99316fe2b7aa320cabedec6d","COU:5023 | box 1 | folder 1 | sheet 10 | item 2","This Item is protected by copyright and/or related rights. You are free to use this Item in any way that is permitted by the copyright and related rights legislation that applies to your use. In addition, no permission is required from the rights-holder(s) for educational uses. For other uses, you need to obtain permission from the rights-holder(s).","http://rightsstatements.org/vocab/InC-EDU/1.0/","206","1255491","5533","narv_DudleyK_Harvard_0093.tif","https://cudl.colorado.edu//luna/servlet/detail/CUB~59~59~206~1255491"
"Ken Dudley Field Slides","Jon helping to unload from PBY at Iqaluit air strip enroute to Denver, Col. 1970.","Proper","Dudley, K. F. (Kenneth F.), 1920-1994","http://id.loc.gov/authorities/names/no2025135759","Still image","http://id.loc.gov/vocabulary/resourceTypes/img","color films (visual works)","http://vocab.getty.edu/page/aat/300417957","1970-09","2026","1 photographic slide; 2"" x 2""","image/tiff","https://www.iana.org/assignments/media-types/image/tiff","reformatted digital","color film (film, material)","http://vocab.getty.edu/page/aat/300127339","35mm (photographic film size)","http://vocab.getty.edu/page/aat/300263816","A photograph of Jon Dudley helping to unload from the PBY aircraft at Iqaluit air strip enroute to Denver, Colorado.","","Catalina (Seaplane)","http://id.worldcat.org/fast/848647","University of Colorado Boulder. Institute of Arctic and Alpine Research","http://id.worldcat.org/fast/609814","Nunavut (Canada, North and Central America) (territory)","http://vocab.getty.edu/page/tgn/7024197","Runways (Aeronautics)","http://id.worldcat.org/fast/1101423","Dudley, Jon","local","Auyuittuq National Park (Nunavut, Canada, North and Central America) (park)","http://vocab.getty.edu/page/tgn/9218036","Men","http://id.worldcat.org/fast/1015978","","","Iqaluit (Nunavut, Canada, North and Central America) (airport)","http://vocab.getty.edu/page/tgn/9226140","","","","","","","","","","","","","narv_DudleyK_Harvard_0107.tif","https://doi.org/10.60807/pl64oe","3f833ef1b38b9488f96807f32b09342e","COU:5023 | box 1 | folder 1 | sheet 11 | item 26","This Item is protected by copyright and/or related rights. You are free to use this Item in any way that is permitted by the copyright and related rights legislation that applies to your use. In addition, no permission is required from the rights-holder(s) for educational uses. For other uses, you need to obtain permission from the rights-holder(s).","http://rightsstatements.org/vocab/InC-EDU/1.0/","220","1255477","5533","narv_DudleyK_Harvard_0107.tif","https://cudl.colorado.edu//luna/servlet/detail/CUB~59~59~220~1255477"
"Ken Dudley Field Slides","Jon with Globemaster at Iqaluit, enroute to Denver, Colorado at end of season with INSTAAR","Proper","Dudley, K. F. (Kenneth F.), 1920-1994","http://id.loc.gov/authorities/names/no2025135759","Still image","http://id.loc.gov/vocabulary/resourceTypes/img","color films (visual works)","http://vocab.getty.edu/page/aat/300417957","1970-04","2026","1 photographic slide; 2"" x 2""","image/tiff","https://www.iana.org/assignments/media-types/image/tiff","reformatted digital","color film (film, material)","http://vocab.getty.edu/page/aat/300127339","35mm (photographic film size)","http://vocab.getty.edu/page/aat/300263816","A photograph of Jon Dudley with the “Globemaster” aircraft at Iqaluit, enroute to Denver, Colorado at end of the season with the Institute of Arctic and Alpine Research (INSTAAR).","","Airplanes","http://id.worldcat.org/fast/803053","University of Colorado Boulder. Institute of Arctic and Alpine Research","http://id.worldcat.org/fast/609814","Nunavut (Canada, North and Central America) (territory)","http://vocab.getty.edu/page/tgn/7024197","Runways (Aeronautics)","http://id.worldcat.org/fast/1101423","Dudley, Jon","local","Auyuittuq National Park (Nunavut, Canada, North and Central America) (park)","http://vocab.getty.edu/page/tgn/9218036","Men","http://id.worldcat.org/fast/1015978","","","Iqaluit (Nunavut, Canada, North and Central America) (airport)","http://vocab.getty.edu/page/tgn/9226140","","","","","","","","","","","","","narv_DudleyK_Harvard_0111.tif","https://doi.org/10.60807/n6xb8s","c26aa77ec728318fcb0758708d2bb9b3","COU:5023 | box 1 | folder 1 | sheet 11 | item 2","This Item is protected by copyright and/or related rights. You are free to use this Item in any way that is permitted by the copyright and related rights legislation that applies to your use. In addition, no permission is required from the rights-holder(s) for educational uses. For other uses, you need to obtain permission from the rights-holder(s).","http://rightsstatements.org/vocab/InC-EDU/1.0/","224","1255473","5533","narv_DudleyK_Harvard_0111.tif","https://cudl.colorado.edu//luna/servlet/detail/CUB~59~59~224~1255473"
"Ken Dudley Field Slides","Ken Dudley harvesting meat for Qivittu Base Camp of INSTAAR","Proper","Dudley, K. F. (Kenneth F.), 1920-1994","http://id.loc.gov/authorities/names/no2025135759","Still image","http://id.loc.gov/vocabulary/resourceTypes/img","color films (visual works)","http://vocab.getty.edu/page/aat/300417957","1970-01","2026","1 photographic slide; 2"" x 2""","image/tiff","https://www.iana.org/assignments/media-types/image/tiff","reformatted digital","color film (film, material)","http://vocab.getty.edu/page/aat/300127339","35mm (photographic film size)","http://vocab.getty.edu/page/aat/300263816","A photograph of Ken Dudley holding a hunting rifle, hunting for fresh meat, for Kivitoo base camp of the Institute of Arctic and Alpine Research (INSTAAR), Baffin Island.","","Coasts","http://id.worldcat.org/fast/865801","University of Colorado Boulder. Institute of Arctic and Alpine Research","http://id.worldcat.org/fast/609814","Nunavut (Canada, North and Central America) (territory)","http://vocab.getty.edu/page/tgn/7024197","Men","http://id.worldcat.org/fast/1015978","Dudley, K. F. (Kenneth F.), 1920-1994","http://id.loc.gov/authorities/names/no2025135759","Auyuittuq National Park (Nunavut, Canada, North and Central America) (park)","http://vocab.getty.edu/page/tgn/9218036","Ice floes","http://id.worldcat.org/fast/1743902","","","Baffin (Nunavut, Canada, North and Central America) (island)","http://vocab.getty.edu/page/tgn/7013003","Rifles","http://id.worldcat.org/fast/1097825","","","Kivitoo (Nunavut, Canada, North and Central America) (locale)","http://vocab.getty.edu/page/tgn/9220803","","","","","","","narv_DudleyK_Harvard_0054.tif","https://doi.org/10.60807/8yezgg","cb95971e69f58055bf574b63d3a594b2","COU:5023 | box 1 | folder 1 | sheet 5 | item 4","This Item is protected by copyright and/or related rights. You are free to use this Item in any way that is permitted by the copyright and related rights legislation that applies to your use. In addition, no permission is required from the rights-holder(s) for educational uses. For other uses, you need to obtain permission from the rights-holder(s).","http://rightsstatements.org/vocab/InC-EDU/1.0/","167","1255530","5533","narv_DudleyK_Harvard_0054.tif","https://cudl.colorado.edu//luna/servlet/detail/CUB~59~59~167~1255530"
"Ken Dudley Field Slides","Ken Dudley hunting fresh meat on pack ice at base camp near Qivittu, Baffin Island","Proper","Dudley, K. F. (Kenneth F.), 1920-1994","http://id.loc.gov/authorities/names/no2025135759","Still image","http://id.loc.gov/vocabulary/resourceTypes/img","color films (visual works)","http://vocab.getty.edu/page/aat/300417957","1970-01","2026","1 photographic slide; 2"" x 2""","image/tiff","https://www.iana.org/assignments/media-types/image/tiff","reformatted digital","color film (film, material)","http://vocab.getty.edu/page/aat/300127339","35mm (photographic film size)","http://vocab.getty.edu/page/aat/300263816","A photograph of Ken Dudley holding a hunting riffle, hunting for fresh meat, standing on pack ice at base camp near Kivitoo, Baffin Island.","","Coasts","http://id.worldcat.org/fast/865801","University of Colorado Boulder. Institute of Arctic and Alpine Research","http://id.worldcat.org/fast/609814","Nunavut (Canada, North and Central America) (territory)","http://vocab.getty.edu/page/tgn/7024197","Men","http://id.worldcat.org/fast/1015978","Dudley, K. F. (Kenneth F.), 1920-1994","http://id.loc.gov/authorities/names/no2025135759","Auyuittuq National Park (Nunavut, Canada, North and Central America) (park)","http://vocab.getty.edu/page/tgn/9218036","Ice floes","http://id.worldcat.org/fast/1743902","","","Baffin (Nunavut, Canada, North and Central America) (island)","http://vocab.getty.edu/page/tgn/7013003","Rifles","http://id.worldcat.org/fast/1097825","","","Kivitoo (Nunavut, Canada, North and Central America) (locale)","http://vocab.getty.edu/page/tgn/9220803","","","","","","","narv_DudleyK_Harvard_0053.tif","https://doi.org/10.60807/mkg1uw","961ab7934fea7aac400e53db75212e8f","COU:5023 | box 1 | folder 1 | sheet 5 | item 3","This Item is protected by copyright and/or related rights. You are free to use this Item in any way that is permitted by the copyright and related rights legislation that applies to your use. In addition, no permission is required from the rights-holder(s) for educational uses. For other uses, you need to obtain permission from the rights-holder(s).","http://rightsstatements.org/vocab/InC-EDU/1.0/","166","1255531","5533","narv_DudleyK_Harvard_0053.tif","https://cudl.colorado.edu//luna/servlet/detail/CUB~59~59~166~1255531"
"Ken Dudley Field Slides","Ken Dudley with J.T.Andrews at Narpang seeking shells on mountain and measuring elevations","Proper","Dudley, K. F. (Kenneth F.), 1920-1994","http://id.loc.gov/authorities/names/no2025135759","Still image","http://id.loc.gov/vocabulary/resourceTypes/img","color films (visual works)","http://vocab.getty.edu/page/aat/300417957","1970-09","2026","1 photographic slide; 2"" x 2""","image/tiff","https://www.iana.org/assignments/media-types/image/tiff","reformatted digital","color film (film, material)","http://vocab.getty.edu/page/aat/300127339","35mm (photographic film size)","http://vocab.getty.edu/page/aat/300263816","A photograph of J.T. Andrews at Narpang seeking shells on the mountain and measuring elevations.","","Equipment and supplies","http://id.worldcat.org/fast/1352983","University of Colorado Boulder. Institute of Arctic and Alpine Research","http://id.worldcat.org/fast/609814","Nunavut (Canada, North and Central America) (territory)","http://vocab.getty.edu/page/tgn/7024197","Men","http://id.worldcat.org/fast/1015978","Andrews, John T.","local","Auyuittuq National Park (Nunavut, Canada, North and Central America) (park)","http://vocab.getty.edu/page/tgn/9218036","Mountains","http://id.worldcat.org/fast/1028366","","","","","","","","","","","","","","","","","narv_DudleyK_Harvard_0100.tif","https://doi.org/10.60807/z77ac3","0edeecff2aa6104eaa7c505da1a6b117","COU:5023 | box 1 | folder 1 | sheet 10 | item 16","This Item is protected by copyright and/or related rights. You are free to use this Item in any way that is permitted by the copyright and related rights legislation that applies to your use. In addition, no permission is required from the rights-holder(s) for educational uses. For other uses, you need to obtain permission from the rights-holder(s).","http://rightsstatements.org/vocab/InC-EDU/1.0/","213","1255484","5533","narv_DudleyK_Harvard_0100.tif","https://cudl.colorado.edu//luna/servlet/detail/CUB~59~59~213~1255484"
"Ken Dudley Field Slides","King Harvest Camp of INSTAAR, Narpang Fjord, Baffin Island","Proper","Dudley, K. F. (Kenneth F.), 1920-1994","http://id.loc.gov/authorities/names/no2025135759","Still image","http://id.loc.gov/vocabulary/resourceTypes/img","color films (visual works)","http://vocab.getty.edu/page/aat/300417957","1970-09","2026","1 photographic slide; 2"" x 2""","image/tiff","https://www.iana.org/assignments/media-types/image/tiff","reformatted digital","color film (film, material)","http://vocab.getty.edu/page/aat/300127339","35mm (photographic film size)","http://vocab.getty.edu/page/aat/300263816","A photograph of “King Harvest Camp” of the Institute of Arctic and Alpine Research (INSTAAR) during the summer 1970 at Narpang Fjord, Baffin Island.","","Tents","http://id.worldcat.org/fast/1147746","University of Colorado Boulder. Institute of Arctic and Alpine Research","http://id.worldcat.org/fast/609814","Nunavut (Canada, North and Central America) (territory)","http://vocab.getty.edu/page/tgn/7024197","Fjords","http://id.worldcat.org/fast/926898","","","Auyuittuq National Park (Nunavut, Canada, North and Central America) (park)","http://vocab.getty.edu/page/tgn/9218036","","","","","Baffin (Nunavut, Canada, North and Central America) (island)","http://vocab.getty.edu/page/tgn/7013003","","","","","","","","","","","","","narv_DudleyK_Harvard_0103.tif","https://doi.org/10.60807/17wkb1","57d79023b2c42b5a2c1e0dd77855b25e","COU:5023 | box 1 | folder 1 | sheet 10 | item 19","This Item is protected by copyright and/or related rights. You are free to use this Item in any way that is permitted by the copyright and related rights legislation that applies to your use. In addition, no permission is required from the rights-holder(s) for educational uses. For other uses, you need to obtain permission from the rights-holder(s).","http://rightsstatements.org/vocab/InC-EDU/1.0/","216","1255481","5533","narv_DudleyK_Harvard_0103.tif","https://cudl.colorado.edu//luna/servlet/detail/CUB~59~59~216~1255481"
"Ken Dudley Field Slides","King Harvest Camp of INSTAAR. Summer. Narpang Fjord. Baffin Island.","Proper","Dudley, K. F. (Kenneth F.), 1920-1994","http://id.loc.gov/authorities/names/no2025135759","Still image","http://id.loc.gov/vocabulary/resourceTypes/img","color films (visual works)","http://vocab.getty.edu/page/aat/300417957","1970-09","2026","1 photographic slide; 2"" x 2""","image/tiff","https://www.iana.org/assignments/media-types/image/tiff","reformatted digital","color film (film, material)","http://vocab.getty.edu/page/aat/300127339","35mm (photographic film size)","http://vocab.getty.edu/page/aat/300263816","A photograph of “King Harvest Camp” of the Institute of Arctic and Alpine Research (INSTAAR) during the summer 1970 at Narpang Fjord, Baffin Island.","","Tents","http://id.worldcat.org/fast/1147746","University of Colorado Boulder. Institute of Arctic and Alpine Research","http://id.worldcat.org/fast/609814","Nunavut (Canada, North and Central America) (territory)","http://vocab.getty.edu/page/tgn/7024197","Fjords","http://id.worldcat.org/fast/926898","","","Auyuittuq National Park (Nunavut, Canada, North and Central America) (park)","http://vocab.getty.edu/page/tgn/9218036","Men","http://id.worldcat.org/fast/1015978","","","Baffin (Nunavut, Canada, North and Central America) (island)","http://vocab.getty.edu/page/tgn/7013003","","","","","","","","","","","","","narv_DudleyK_Harvard_0102.tif","https://doi.org/10.60807/vadpuj","2545e0893a846293ddc0fc2c6c8fbce9","COU:5023 | box 1 | folder 1 | sheet 10 | item 18","This Item is protected by copyright and/or related rights. You are free to use this Item in any way that is permitted by the copyright and related rights legislation that applies to your use. In addition, no permission is required from the rights-holder(s) for educational uses. For other uses, you need to obtain permission from the rights-holder(s).","http://rightsstatements.org/vocab/InC-EDU/1.0/","215","1255482","5533","narv_DudleyK_Harvard_0102.tif","https://cudl.colorado.edu//luna/servlet/detail/CUB~59~59~215~1255482"
"Ken Dudley Field Slides","Left to Right. Hunter, Roger Barry (meteorologist), Tom (cinephotographer) packing for sea ice trip to Narpang","Proper","Dudley, K. F. (Kenneth F.), 1920-1994","http://id.loc.gov/authorities/names/no2025135759","Still image","http://id.loc.gov/vocabulary/resourceTypes/img","color films (visual works)","http://vocab.getty.edu/page/aat/300417957","1970-09","2026","1 photographic slide; 2"" x 2""","image/tiff","https://www.iana.org/assignments/media-types/image/tiff","reformatted digital","color film (film, material)","http://vocab.getty.edu/page/aat/300127339","35mm (photographic film size)","http://vocab.getty.edu/page/aat/300263816","A photograph of [Left to Right] Hunter, Roger Barry (meteorologist), Tom Mayberry (cinematographer) packing for a sea ice trip to Narpang.","","Coasts","http://id.worldcat.org/fast/865801","University of Colorado Boulder. Institute of Arctic and Alpine Research","http://id.worldcat.org/fast/609814","Nunavut (Canada, North and Central America) (territory)","http://vocab.getty.edu/page/tgn/7024197","Ice floes","http://id.worldcat.org/fast/1743902","Mayberry, Tom","local","Auyuittuq National Park (Nunavut, Canada, North and Central America) (park)","http://vocab.getty.edu/page/tgn/9218036","Men","http://id.worldcat.org/fast/1015978","Barry, Roger","local","","","Equipment and supplies","http://id.worldcat.org/fast/1352983","","","","","Boats and boating","http://id.worldcat.org/fast/835176","","","","","narv_DudleyK_Harvard_0082.tif","https://doi.org/10.60807/2z81n4","b2f509b1ce8470e0ae1445ecc7881373","COU:5023 | box 1 | folder 1 | sheet 8 | item 4","This Item is protected by copyright and/or related rights. You are free to use this Item in any way that is permitted by the copyright and related rights legislation that applies to your use. In addition, no permission is required from the rights-holder(s) for educational uses. For other uses, you need to obtain permission from the rights-holder(s).","http://rightsstatements.org/vocab/InC-EDU/1.0/","195","1255502","5533","narv_DudleyK_Harvard_0082.tif","https://cudl.colorado.edu//luna/servlet/detail/CUB~59~59~195~1255502"
"Ken Dudley Field Slides","Loading up for trip over sea ice from Broughton Isand to Narpang Fjord. L To R. Huner, Tom Mayberry, hunter, Ken Dudley","Proper","Dudley, K. F. (Kenneth F.), 1920-1994","http://id.loc.gov/authorities/names/no2025135759","Still image","http://id.loc.gov/vocabulary/resourceTypes/img","color films (visual works)","http://vocab.getty.edu/page/aat/300417957","1970-09","2026","1 photographic slide; 2"" x 2""","image/tiff","https://www.iana.org/assignments/media-types/image/tiff","reformatted digital","color film (film, material)","http://vocab.getty.edu/page/aat/300127339","35mm (photographic film size)","http://vocab.getty.edu/page/aat/300263816","A photograph of [Left to Right] L To R. Huner, Tom Mayberry, Hunter, and Ken Dudley loading up for trip over sea ice from Broughton Island to Narpang Fjord.","","Coasts","http://id.worldcat.org/fast/865801","University of Colorado Boulder. Institute of Arctic and Alpine Research","http://id.worldcat.org/fast/609814","Nunavut (Canada, North and Central America) (territory)","http://vocab.getty.edu/page/tgn/7024197","Ice floes","http://id.worldcat.org/fast/1743902","Mayberry, Tom","local","Auyuittuq National Park (Nunavut, Canada, North and Central America) (park)","http://vocab.getty.edu/page/tgn/9218036","Men","http://id.worldcat.org/fast/1015978","Dudley, K. F. (Kenneth F.), 1920-1994","http://id.loc.gov/authorities/names/no2025135759","Broughton Island (Nunavut, Canada, North and Central America) (island)","http://vocab.getty.edu/page/tgn/9218563","Equipment and supplies","http://id.worldcat.org/fast/1352983","","","","","Boats and boating","http://id.worldcat.org/fast/835176","","","","","narv_DudleyK_Harvard_0083.tif","https://doi.org/10.60807/fzpkht","fcc5c154495360ef31bb6826fe9070a5","COU:5023 | box 1 | folder 1 | sheet 8 | item 5","This Item is protected by copyright and/or related rights. You are free to use this Item in any way that is permitted by the copyright and related rights legislation that applies to your use. In addition, no permission is required from the rights-holder(s) for educational uses. For other uses, you need to obtain permission from the rights-holder(s).","http://rightsstatements.org/vocab/InC-EDU/1.0/","196","1255501","5533","narv_DudleyK_Harvard_0083.tif","https://cudl.colorado.edu//luna/servlet/detail/CUB~59~59~196~1255501"
"Ken Dudley Field Slides","Looking down along coastline of Baffin Island below Pangnirtung Fjord","Proper","Dudley, K. F. (Kenneth F.), 1920-1994","http://id.loc.gov/authorities/names/no2025135759","Still image","http://id.loc.gov/vocabulary/resourceTypes/img","color films (visual works)","http://vocab.getty.edu/page/aat/300417957","1969-09","2026","1 photographic slide; 2"" x 2""","image/tiff","https://www.iana.org/assignments/media-types/image/tiff","reformatted digital","color film (film, material)","http://vocab.getty.edu/page/aat/300127339","35mm (photographic film size)","http://vocab.getty.edu/page/aat/300263816","A photograph of the coastline of Baffin Island below Pangnirtung Fjord.","","Coasts","http://id.worldcat.org/fast/865801","University of Colorado Boulder. Institute of Arctic and Alpine Research","http://id.worldcat.org/fast/609814","Nunavut (Canada, North and Central America) (territory)","http://vocab.getty.edu/page/tgn/7024197","Fjords","http://id.worldcat.org/fast/926898","","","Auyuittuq National Park (Nunavut, Canada, North and Central America) (park)","http://vocab.getty.edu/page/tgn/9218036","","","","","","","","","","","","","","","","","","","narv_DudleyK_Harvard_0003.tif","https://doi.org/10.60807/3cljej","492ae7090a713e57fea8735c6e47dffe","COU:5023 | box 1 | folder 1 | sheet 1 | item 13","This Item is protected by copyright and/or related rights. You are free to use this Item in any way that is permitted by the copyright and related rights legislation that applies to your use. In addition, no permission is required from the rights-holder(s) for educational uses. For other uses, you need to obtain permission from the rights-holder(s).","http://rightsstatements.org/vocab/InC-EDU/1.0/","116","1255581","5533","narv_DudleyK_Harvard_0003.tif","https://cudl.colorado.edu//luna/servlet/detail/CUB~59~59~116~1255581"
"Ken Dudley Field Slides","Lorna McPherson anthropologist University of New York City at Thule house site at Qivittu, Baffin Island","Proper","Dudley, K. F. (Kenneth F.), 1920-1994","http://id.loc.gov/authorities/names/no2025135759","Still image","http://id.loc.gov/vocabulary/resourceTypes/img","color films (visual works)","http://vocab.getty.edu/page/aat/300417957","1970-01","2026","1 photographic slide; 2"" x 2""","image/tiff","https://www.iana.org/assignments/media-types/image/tiff","reformatted digital","color film (film, material)","http://vocab.getty.edu/page/aat/300127339","35mm (photographic film size)","http://vocab.getty.edu/page/aat/300263816","A photograph of anthropologist Lorna McPherson of the University of New York City at the Thule House site at Kivitoo, Baffin Island.","","Rocks","http://id.worldcat.org/fast/1099409","University of Colorado Boulder. Institute of Arctic and Alpine Research","http://id.worldcat.org/fast/609814","Nunavut (Canada, North and Central America) (territory)","http://vocab.getty.edu/page/tgn/7024197","Women","http://id.worldcat.org/fast/1176568","McPherson, Lorna","local","Auyuittuq National Park (Nunavut, Canada, North and Central America) (park)","http://vocab.getty.edu/page/tgn/9218036","","","","","Baffin (Nunavut, Canada, North and Central America) (island)","http://vocab.getty.edu/page/tgn/7013003","","","","","Kivitoo (Nunavut, Canada, North and Central America) (locale)","http://vocab.getty.edu/page/tgn/9220803","","","","","","","narv_DudleyK_Harvard_0056.tif","https://doi.org/10.60807/li53hs","550dcb7eb6175dcd9292da7681f41130","COU:5023 | box 1 | folder 1 | sheet 5 | item 6","This Item is protected by copyright and/or related rights. You are free to use this Item in any way that is permitted by the copyright and related rights legislation that applies to your use. In addition, no permission is required from the rights-holder(s) for educational uses. For other uses, you need to obtain permission from the rights-holder(s).","http://rightsstatements.org/vocab/InC-EDU/1.0/","169","1255528","5533","narv_DudleyK_Harvard_0056.tif","https://cudl.colorado.edu//luna/servlet/detail/CUB~59~59~169~1255528"
"Ken Dudley Field Slides","Mal (Chance) Andersen at camp known as King Harvest in Narpaing Fjord located at east end of “Itilli”","Proper","Dudley, K. F. (Kenneth F.), 1920-1994","http://id.loc.gov/authorities/names/no2025135759","Still image","http://id.loc.gov/vocabulary/resourceTypes/img","color films (visual works)","http://vocab.getty.edu/page/aat/300417957","1970-09","2026","1 photographic slide; 2"" x 2""","image/tiff","https://www.iana.org/assignments/media-types/image/tiff","reformatted digital","color film (film, material)","http://vocab.getty.edu/page/aat/300127339","35mm (photographic film size)","http://vocab.getty.edu/page/aat/300263816","A photograph of Mal (Chance) Andersen at camp known as “King Harvest” in the Narpaing Fjord located at the east end of “Itilli” as on a map in Dudley.","[The Eskimo Place Names of Northern Cumberland Peninsula, from Home Bay to Cape Dyer, Baffin Island, NWT Canada with English Translations. Arctic and Alpine Research v. 4, pp. 343-347]","Tents","http://id.worldcat.org/fast/1147746","University of Colorado Boulder. Institute of Arctic and Alpine Research","http://id.worldcat.org/fast/609814","Nunavut (Canada, North and Central America) (territory)","http://vocab.getty.edu/page/tgn/7024197","Men","http://id.worldcat.org/fast/1015978","Andersen, Mal","local","Auyuittuq National Park (Nunavut, Canada, North and Central America) (park)","http://vocab.getty.edu/page/tgn/9218036","","","","","","","","","","","","","","","","","","","narv_DudleyK_Harvard_0092.tif","https://doi.org/10.60807/9174wx","f3f9c43ad04fe3ceb6d8ea8bac44746c","COU:5023 | box 1 | folder 1 | sheet 10 | item 1","This Item is protected by copyright and/or related rights. You are free to use this Item in any way that is permitted by the copyright and related rights legislation that applies to your use. In addition, no permission is required from the rights-holder(s) for educational uses. For other uses, you need to obtain permission from the rights-holder(s).","http://rightsstatements.org/vocab/InC-EDU/1.0/","205","1255492","5533","narv_DudleyK_Harvard_0092.tif","https://cudl.colorado.edu//luna/servlet/detail/CUB~59~59~205~1255492"
"Ken Dudley Field Slides","Moraine and bergs, Narpaing Fjord, Baffin Island","Proper","Dudley, K. F. (Kenneth F.), 1920-1994","http://id.loc.gov/authorities/names/no2025135759","Still image","http://id.loc.gov/vocabulary/resourceTypes/img","color films (visual works)","http://vocab.getty.edu/page/aat/300417957","1969-09","2026","1 photographic slide; 2"" x 2""","image/tiff","https://www.iana.org/assignments/media-types/image/tiff","reformatted digital","color film (film, material)","http://vocab.getty.edu/page/aat/300127339","35mm (photographic film size)","http://vocab.getty.edu/page/aat/300263816","A photograph of moraine and icebergs on Narpaing Fjord off Baffin Island.","","Fjords","http://id.worldcat.org/fast/926898","University of Colorado Boulder. Institute of Arctic and Alpine Research","http://id.worldcat.org/fast/609814","Nunavut (Canada, North and Central America) (territory)","http://vocab.getty.edu/page/tgn/7024197","Icebergs","http://id.worldcat.org/fast/966632","","","Auyuittuq National Park (Nunavut, Canada, North and Central America) (park)","http://vocab.getty.edu/page/tgn/9218036","Moraines","http://id.worldcat.org/fast/1026042","","","Baffin (Nunavut, Canada, North and Central America) (island)","http://vocab.getty.edu/page/tgn/7013003","","","","","","","","","","","","","narv_DudleyK_Harvard_0049.tif","https://doi.org/10.60807/l9oviw","05346f7735eb042a9af57e1ef77797f6","COU:5023 | box 1 | folder 1 | sheet 4 | item 34","This Item is protected by copyright and/or related rights. You are free to use this Item in any way that is permitted by the copyright and related rights legislation that applies to your use. In addition, no permission is required from the rights-holder(s) for educational uses. For other uses, you need to obtain permission from the rights-holder(s).","http://rightsstatements.org/vocab/InC-EDU/1.0/","162","1255535","5533","narv_DudleyK_Harvard_0049.tif","https://cudl.colorado.edu//luna/servlet/detail/CUB~59~59~162~1255535"
"Ken Dudley Field Slides","Mountain side view","Proper","Dudley, K. F. (Kenneth F.), 1920-1994","http://id.loc.gov/authorities/names/no2025135759","Still image","http://id.loc.gov/vocabulary/resourceTypes/img","color films (visual works)","http://vocab.getty.edu/page/aat/300417957","1969-09","2026","1 photographic slide; 2"" x 2""","image/tiff","https://www.iana.org/assignments/media-types/image/tiff","reformatted digital","color film (film, material)","http://vocab.getty.edu/page/aat/300127339","35mm (photographic film size)","http://vocab.getty.edu/page/aat/300263816","An aerial photograph of an unidentified mountain range near Pangnirtung.","","Mountains","http://id.worldcat.org/fast/1028366","University of Colorado Boulder. Institute of Arctic and Alpine Research","http://id.worldcat.org/fast/609814","Nunavut (Canada, North and Central America) (territory)","http://vocab.getty.edu/page/tgn/7024197","","","","","Auyuittuq National Park (Nunavut, Canada, North and Central America) (park)","http://vocab.getty.edu/page/tgn/9218036","","","","","Pangnirtung (Baffin, Nunavut, Canada, North and Central America) (inhabited place)","http://vocab.getty.edu/page/tgn/1014383","","","","","","","","","","","","","narv_DudleyK_Harvard_0002.tif","https://doi.org/10.60807/kz9bvl","dcbd2abc461ee3345774405465a93af0","COU:5023 | box 1 | folder 1 | sheet 1 | item 11","This Item is protected by copyright and/or related rights. You are free to use this Item in any way that is permitted by the copyright and related rights legislation that applies to your use. In addition, no permission is required from the rights-holder(s) for educational uses. For other uses, you need to obtain permission from the rights-holder(s).","http://rightsstatements.org/vocab/InC-EDU/1.0/","115","1255582","5533","narv_DudleyK_Harvard_0002.tif","https://cudl.colorado.edu//luna/servlet/detail/CUB~59~59~115~1255582"
"Ken Dudley Field Slides","Near Home Bay, Baffin Island","Proper","Dudley, K. F. (Kenneth F.), 1920-1994","http://id.loc.gov/authorities/names/no2025135759","Still image","http://id.loc.gov/vocabulary/resourceTypes/img","color films (visual works)","http://vocab.getty.edu/page/aat/300417957","1969-09","2026","1 photographic slide; 2"" x 2""","image/tiff","https://www.iana.org/assignments/media-types/image/tiff","reformatted digital","color film (film, material)","http://vocab.getty.edu/page/aat/300127339","35mm (photographic film size)","http://vocab.getty.edu/page/aat/300263816","A photograph of the coast and mountain range near Home Bay, Baffin Island.","","Coasts","http://id.worldcat.org/fast/865801","University of Colorado Boulder. Institute of Arctic and Alpine Research","http://id.worldcat.org/fast/609814","Nunavut (Canada, North and Central America) (territory)","http://vocab.getty.edu/page/tgn/7024197","Mountains","http://id.worldcat.org/fast/1028366","","","Auyuittuq National Park (Nunavut, Canada, North and Central America) (park)","http://vocab.getty.edu/page/tgn/9218036","","","","","Baffin (Nunavut, Canada, North and Central America) (island)","http://vocab.getty.edu/page/tgn/7013003","","","","","","","","","","","","","narv_DudleyK_Harvard_0050.tif","https://doi.org/10.60807/lq5oul","af9646d2e06a0efc5145d3d969186fdb","COU:5023 | box 1 | folder 1 | sheet 4 | item 35","This Item is protected by copyright and/or related rights. You are free to use this Item in any way that is permitted by the copyright and related rights legislation that applies to your use. In addition, no permission is required from the rights-holder(s) for educational uses. For other uses, you need to obtain permission from the rights-holder(s).","http://rightsstatements.org/vocab/InC-EDU/1.0/","163","1255534","5533","narv_DudleyK_Harvard_0050.tif","https://cudl.colorado.edu//luna/servlet/detail/CUB~59~59~163~1255534"
"Ken Dudley Field Slides","Old whalers burial plot at Qivittu, Baffin Island","Proper","Dudley, K. F. (Kenneth F.), 1920-1994","http://id.loc.gov/authorities/names/no2025135759","Still image","http://id.loc.gov/vocabulary/resourceTypes/img","color films (visual works)","http://vocab.getty.edu/page/aat/300417957","1970-01","2026","1 photographic slide; 2"" x 2""","image/tiff","https://www.iana.org/assignments/media-types/image/tiff","reformatted digital","color film (film, material)","http://vocab.getty.edu/page/aat/300127339","35mm (photographic film size)","http://vocab.getty.edu/page/aat/300263816","A photograph of an old whaler’s burial plot at Kivitoo, Baffin Island.","","Sepulchral monuments","http://id.worldcat.org/fast/1112853","University of Colorado Boulder. Institute of Arctic and Alpine Research","http://id.worldcat.org/fast/609814","Nunavut (Canada, North and Central America) (territory)","http://vocab.getty.edu/page/tgn/7024197","","","","","Auyuittuq National Park (Nunavut, Canada, North and Central America) (park)","http://vocab.getty.edu/page/tgn/9218036","","","","","Baffin (Nunavut, Canada, North and Central America) (island)","http://vocab.getty.edu/page/tgn/7013003","","","","","Kivitoo (Nunavut, Canada, North and Central America) (locale)","http://vocab.getty.edu/page/tgn/9220803","","","","","","","narv_DudleyK_Harvard_0057.tif","https://doi.org/10.60807/xfxig1","3938a7061dfc2a0569d1f2739f6c8d49","COU:5023 | box 1 | folder 1 | sheet 5 | item 8","This Item is protected by copyright and/or related rights. You are free to use this Item in any way that is permitted by the copyright and related rights legislation that applies to your use. In addition, no permission is required from the rights-holder(s) for educational uses. For other uses, you need to obtain permission from the rights-holder(s).","http://rightsstatements.org/vocab/InC-EDU/1.0/","170","1255527","5533","narv_DudleyK_Harvard_0057.tif","https://cudl.colorado.edu//luna/servlet/detail/CUB~59~59~170~1255527"
"Ken Dudley Field Slides","On Boas Glacier climb between Narpaing and Quajon Fjords Ken Dudley with John Jacobs","Proper","Dudley, K. F. (Kenneth F.), 1920-1994","http://id.loc.gov/authorities/names/no2025135759","Still image","http://id.loc.gov/vocabulary/resourceTypes/img","color films (visual works)","http://vocab.getty.edu/page/aat/300417957","1970-09","2026","1 photographic slide; 2"" x 2""","image/tiff","https://www.iana.org/assignments/media-types/image/tiff","reformatted digital","color film (film, material)","http://vocab.getty.edu/page/aat/300127339","35mm (photographic film size)","http://vocab.getty.edu/page/aat/300263816","A photograph of Ken Dudley with John “Jake” Jacobs on a Boas Glacier climb between Narpaing and Quajon Fjords","","Mountaineering","http://id.worldcat.org/fast/1028334","University of Colorado Boulder. Institute of Arctic and Alpine Research","http://id.worldcat.org/fast/609814","Nunavut (Canada, North and Central America) (territory)","http://vocab.getty.edu/page/tgn/7024197","Glaciers","http://id.worldcat.org/fast/942975","Dudley, K. F. (Kenneth F.), 1920-1994","http://id.loc.gov/authorities/names/no2025135759","Auyuittuq National Park (Nunavut, Canada, North and Central America) (park)","http://vocab.getty.edu/page/tgn/9218036","Mountains","http://id.worldcat.org/fast/1028366","Jacobs, John","local","","","Fjords","http://id.worldcat.org/fast/926898","","","","","Men","http://id.worldcat.org/fast/1015978","","","","","narv_DudleyK_Harvard_0065.tif","https://doi.org/10.60807/sdgb88","e9e9f0c627f35dd976cb89a018cc2707","COU:5023 | box 1 | folder 1 | sheet 6 | item 8","This Item is protected by copyright and/or related rights. You are free to use this Item in any way that is permitted by the copyright and related rights legislation that applies to your use. In addition, no permission is required from the rights-holder(s) for educational uses. For other uses, you need to obtain permission from the rights-holder(s).","http://rightsstatements.org/vocab/InC-EDU/1.0/","178","1255519","5533","narv_DudleyK_Harvard_0065.tif","https://cudl.colorado.edu//luna/servlet/detail/CUB~59~59~178~1255519"
"Ken Dudley Field Slides","Outwash plain at head of Narpang Fjord at Alice’s Restaurant supply camp for INSTAAR Colorado University","Proper","Dudley, K. F. (Kenneth F.), 1920-1994","http://id.loc.gov/authorities/names/no2025135759","Still image","http://id.loc.gov/vocabulary/resourceTypes/img","color films (visual works)","http://vocab.getty.edu/page/aat/300417957","1970-09","2026","1 photographic slide; 2"" x 2""","image/tiff","https://www.iana.org/assignments/media-types/image/tiff","reformatted digital","color film (film, material)","http://vocab.getty.edu/page/aat/300127339","35mm (photographic film size)","http://vocab.getty.edu/page/aat/300263816","A photograph of the Outwash Plain at the head of Narpang Fjord at “Alice’s Restaurant” supply camp for the Institute of Arctic and Alpine Research (INSTAAR) of Colorado University.","","Valley trains","http://id.worldcat.org/fast/1163840","University of Colorado Boulder. Institute of Arctic and Alpine Research","http://id.worldcat.org/fast/609814","Nunavut (Canada, North and Central America) (territory)","http://vocab.getty.edu/page/tgn/7024197","Mountains","http://id.worldcat.org/fast/1028366","","","Auyuittuq National Park (Nunavut, Canada, North and Central America) (park)","http://vocab.getty.edu/page/tgn/9218036","Fjords","http://id.worldcat.org/fast/926898","","","","","","","","","","","","","","","","","narv_DudleyK_Harvard_0105.tif","https://doi.org/10.60807/6443lt","acedbe7b3b78ad698cf307aebdb0c4f4","COU:5023 | box 1 | folder 1 | sheet 11 | item 23","This Item is protected by copyright and/or related rights. You are free to use this Item in any way that is permitted by the copyright and related rights legislation that applies to your use. In addition, no permission is required from the rights-holder(s) for educational uses. For other uses, you need to obtain permission from the rights-holder(s).","http://rightsstatements.org/vocab/InC-EDU/1.0/","218","1255479","5533","narv_DudleyK_Harvard_0105.tif","https://cudl.colorado.edu//luna/servlet/detail/CUB~59~59~218~1255479"
"Ken Dudley Field Slides","Outwash plain Head of Narpaing Fjord Baffin Island","Proper","Dudley, K. F. (Kenneth F.), 1920-1994","http://id.loc.gov/authorities/names/no2025135759","Still image","http://id.loc.gov/vocabulary/resourceTypes/img","color films (visual works)","http://vocab.getty.edu/page/aat/300417957","1970-09","2026","1 photographic slide; 2"" x 2""","image/tiff","https://www.iana.org/assignments/media-types/image/tiff","reformatted digital","color film (film, material)","http://vocab.getty.edu/page/aat/300127339","35mm (photographic film size)","http://vocab.getty.edu/page/aat/300263816","A photograph of Outwash plain at the head of Narpaing Fjord, Baffin Island.","","Mountains","http://id.worldcat.org/fast/1028366","University of Colorado Boulder. Institute of Arctic and Alpine Research","http://id.worldcat.org/fast/609814","Nunavut (Canada, North and Central America) (territory)","http://vocab.getty.edu/page/tgn/7024197","Fjords","http://id.worldcat.org/fast/926898","","","Auyuittuq National Park (Nunavut, Canada, North and Central America) (park)","http://vocab.getty.edu/page/tgn/9218036","","","","","Baffin (Nunavut, Canada, North and Central America) (island)","http://vocab.getty.edu/page/tgn/7013003","","","","","","","","","","","","","narv_DudleyK_Harvard_0069.tif","https://doi.org/10.60807/qkmj7j","2f2c4696ac32161b05a7af71f97df8e1","COU:5023 | box 1 | folder 1 | sheet 6 | item 12","This Item is protected by copyright and/or related rights. You are free to use this Item in any way that is permitted by the copyright and related rights legislation that applies to your use. In addition, no permission is required from the rights-holder(s) for educational uses. For other uses, you need to obtain permission from the rights-holder(s).","http://rightsstatements.org/vocab/InC-EDU/1.0/","182","1255515","5533","narv_DudleyK_Harvard_0069.tif","https://cudl.colorado.edu//luna/servlet/detail/CUB~59~59~182~1255515"
"Ken Dudley Field Slides","Outwash plain head of Narpaing Fjord. Alice’s Restaurant supply camp INSTAAR","Proper","Dudley, K. F. (Kenneth F.), 1920-1994","http://id.loc.gov/authorities/names/no2025135759","Still image","http://id.loc.gov/vocabulary/resourceTypes/img","color films (visual works)","http://vocab.getty.edu/page/aat/300417957","1970-09","2026","1 photographic slide; 2"" x 2""","image/tiff","https://www.iana.org/assignments/media-types/image/tiff","reformatted digital","color film (film, material)","http://vocab.getty.edu/page/aat/300127339","35mm (photographic film size)","http://vocab.getty.edu/page/aat/300263816","A photograph of an Outwash plain at the head of Narpaing Fjord near “Alice’s Restaurant” supply camp for the Institute of Arctic and Alpine Research (INSTAAR).","","Fjords","http://id.worldcat.org/fast/926898","University of Colorado Boulder. Institute of Arctic and Alpine Research","http://id.worldcat.org/fast/609814","Nunavut (Canada, North and Central America) (territory)","http://vocab.getty.edu/page/tgn/7024197","Outwash plains","local","","","Auyuittuq National Park (Nunavut, Canada, North and Central America) (park)","http://vocab.getty.edu/page/tgn/9218036","","","","","","","","","","","","","","","","","","","narv_DudleyK_Harvard_0070.tif","https://doi.org/10.60807/9gnw0n","4530b50c042dd625d1b3218a751cc5da","COU:5023 | box 1 | folder 1 | sheet 6 | item 13","This Item is protected by copyright and/or related rights. You are free to use this Item in any way that is permitted by the copyright and related rights legislation that applies to your use. In addition, no permission is required from the rights-holder(s) for educational uses. For other uses, you need to obtain permission from the rights-holder(s).","http://rightsstatements.org/vocab/InC-EDU/1.0/","183","1255514","5533","narv_DudleyK_Harvard_0070.tif","https://cudl.colorado.edu//luna/servlet/detail/CUB~59~59~183~1255514"
"Ken Dudley Field Slides","Outwash plain, head of Narpaing Fjord","Proper","Dudley, K. F. (Kenneth F.), 1920-1994","http://id.loc.gov/authorities/names/no2025135759","Still image","http://id.loc.gov/vocabulary/resourceTypes/img","color films (visual works)","http://vocab.getty.edu/page/aat/300417957","1970-09","2026","1 photographic slide; 2"" x 2""","image/tiff","https://www.iana.org/assignments/media-types/image/tiff","reformatted digital","color film (film, material)","http://vocab.getty.edu/page/aat/300127339","35mm (photographic film size)","http://vocab.getty.edu/page/aat/300263816","A photograph of Outwash plain at the head of Narpaing.","","Mountains","http://id.worldcat.org/fast/1028366","University of Colorado Boulder. Institute of Arctic and Alpine Research","http://id.worldcat.org/fast/609814","Nunavut (Canada, North and Central America) (territory)","http://vocab.getty.edu/page/tgn/7024197","Fjords","http://id.worldcat.org/fast/926898","","","Auyuittuq National Park (Nunavut, Canada, North and Central America) (park)","http://vocab.getty.edu/page/tgn/9218036","Outwash plains","local","","","","","","","","","","","","","","","","","narv_DudleyK_Harvard_0073.tif","https://doi.org/10.60807/vmbt8q","a2b9d70d1a249b1bc1feff21cf51ee9e","COU:5023 | box 1 | folder 1 | sheet 6 | item 16","This Item is protected by copyright and/or related rights. You are free to use this Item in any way that is permitted by the copyright and related rights legislation that applies to your use. In addition, no permission is required from the rights-holder(s) for educational uses. For other uses, you need to obtain permission from the rights-holder(s).","http://rightsstatements.org/vocab/InC-EDU/1.0/","186","1255511","5533","narv_DudleyK_Harvard_0073.tif","https://cudl.colorado.edu//luna/servlet/detail/CUB~59~59~186~1255511"
"Ken Dudley Field Slides","Owl River, Pangnirtung Pass","Proper","Dudley, K. F. (Kenneth F.), 1920-1994","http://id.loc.gov/authorities/names/no2025135759","Still image","http://id.loc.gov/vocabulary/resourceTypes/img","color films (visual works)","http://vocab.getty.edu/page/aat/300417957","1969-09","2026","1 photographic slide; 2"" x 2""","image/tiff","https://www.iana.org/assignments/media-types/image/tiff","reformatted digital","color film (film, material)","http://vocab.getty.edu/page/aat/300127339","35mm (photographic film size)","http://vocab.getty.edu/page/aat/300263816","A photograph of the Owl River in the Pangnirtung Pass.","Pangnirtung Pass was formally renamed to Akshayuk Pass in in 1996 in honor of Akshayuk Etooangat, C.M. a local elder from Pangnirtung according to the Auyuittuq National Park management plan 2010.","Rivers","http://id.worldcat.org/fast/1098312","University of Colorado Boulder. Institute of Arctic and Alpine Research","http://id.worldcat.org/fast/609814","Nunavut (Canada, North and Central America) (territory)","http://vocab.getty.edu/page/tgn/7024197","Mountain passes","http://id.worldcat.org/fast/1028276","","","Auyuittuq National Park (Nunavut, Canada, North and Central America) (park)","http://vocab.getty.edu/page/tgn/9218036","Snow","http://id.worldcat.org/fast/1121907","","","","","","","","","","","","","","","","","narv_DudleyK_Harvard_0001.tif","https://doi.org/10.60807/ebk1kw","feade44b28a651c918366f1081ecf7e7","COU:5023 | box 1 | folder 1 | sheet 1 | item 4","This Item is protected by copyright and/or related rights. You are free to use this Item in any way that is permitted by the copyright and related rights legislation that applies to your use. In addition, no permission is required from the rights-holder(s) for educational uses. For other uses, you need to obtain permission from the rights-holder(s).","http://rightsstatements.org/vocab/InC-EDU/1.0/","114","1255470","5533","narv_DudleyK_Harvard_0001.tif","https://cudl.colorado.edu//luna/servlet/detail/CUB~59~59~114~1255470"
"Ken Dudley Field Slides","Pangnirtung Fjord near coast enroute to Broughton Island. Not sure how this aerial shot fits into the order","Proper","Dudley, K. F. (Kenneth F.), 1920-1994","http://id.loc.gov/authorities/names/no2025135759","Still image","http://id.loc.gov/vocabulary/resourceTypes/img","color films (visual works)","http://vocab.getty.edu/page/aat/300417957","1970-09","2026","1 photographic slide; 2"" x 2""","image/tiff","https://www.iana.org/assignments/media-types/image/tiff","reformatted digital","color film (film, material)","http://vocab.getty.edu/page/aat/300127339","35mm (photographic film size)","http://vocab.getty.edu/page/aat/300263816","Am aerial photograph of Pangnirtung Fjord near the coast enroute to Broughton Island.","","Mountains","http://id.worldcat.org/fast/1028366","University of Colorado Boulder. Institute of Arctic and Alpine Research","http://id.worldcat.org/fast/609814","Nunavut (Canada, North and Central America) (territory)","http://vocab.getty.edu/page/tgn/7024197","Fjords","http://id.worldcat.org/fast/926898","","","Auyuittuq National Park (Nunavut, Canada, North and Central America) (park)","http://vocab.getty.edu/page/tgn/9218036","Coasts","http://id.worldcat.org/fast/865801","","","Broughton Island (Nunavut, Canada, North and Central America) (island)","http://vocab.getty.edu/page/tgn/9218563","","","","","","","","","","","","","narv_DudleyK_Harvard_0076.tif","https://doi.org/10.60807/p9wkn0","294795078243d7f42312cd6049048363","COU:5023 | box 1 | folder 1 | sheet 7 | item 27","This Item is protected by copyright and/or related rights. You are free to use this Item in any way that is permitted by the copyright and related rights legislation that applies to your use. In addition, no permission is required from the rights-holder(s) for educational uses. For other uses, you need to obtain permission from the rights-holder(s).","http://rightsstatements.org/vocab/InC-EDU/1.0/","189","1255508","5533","narv_DudleyK_Harvard_0076.tif","https://cudl.colorado.edu//luna/servlet/detail/CUB~59~59~189~1255508"
"Ken Dudley Field Slides","Possibly an iceberg near Quajon Fjord","Proper","Dudley, K. F. (Kenneth F.), 1920-1994","http://id.loc.gov/authorities/names/no2025135759","Still image","http://id.loc.gov/vocabulary/resourceTypes/img","color films (visual works)","http://vocab.getty.edu/page/aat/300417957","1969-09","2026","1 photographic slide; 2"" x 2""","image/tiff","https://www.iana.org/assignments/media-types/image/tiff","reformatted digital","color film (film, material)","http://vocab.getty.edu/page/aat/300127339","35mm (photographic film size)","http://vocab.getty.edu/page/aat/300263816","A photograph of an iceberg presumably near Quajon Fjord.","","Fjords","http://id.worldcat.org/fast/926898","University of Colorado Boulder. Institute of Arctic and Alpine Research","http://id.worldcat.org/fast/609814","Nunavut (Canada, North and Central America) (territory)","http://vocab.getty.edu/page/tgn/7024197","Icebergs","http://id.worldcat.org/fast/966632","","","Auyuittuq National Park (Nunavut, Canada, North and Central America) (park)","http://vocab.getty.edu/page/tgn/9218036","Coasts","http://id.worldcat.org/fast/865801","","","","","","","","","","","","","","","","","narv_DudleyK_Harvard_0021.tif","https://doi.org/10.60807/ziaw7r","198352a88caa38273bc1ad4821dffec6","COU:5023 | box 1 | folder 1 | sheet 2 | item 33","This Item is protected by copyright and/or related rights. You are free to use this Item in any way that is permitted by the copyright and related rights legislation that applies to your use. In addition, no permission is required from the rights-holder(s) for educational uses. For other uses, you need to obtain permission from the rights-holder(s).","http://rightsstatements.org/vocab/InC-EDU/1.0/","134","1255563","5533","narv_DudleyK_Harvard_0021.tif","https://cudl.colorado.edu//luna/servlet/detail/CUB~59~59~134~1255563"
"Ken Dudley Field Slides","Sealift ship delivers annual supplies to the Broughton Island settlement","Proper","Dudley, K. F. (Kenneth F.), 1920-1994","http://id.loc.gov/authorities/names/no2025135759","Still image","http://id.loc.gov/vocabulary/resourceTypes/img","color films (visual works)","http://vocab.getty.edu/page/aat/300417957","1969-09","2026","1 photographic slide; 2"" x 2""","image/tiff","https://www.iana.org/assignments/media-types/image/tiff","reformatted digital","color film (film, material)","http://vocab.getty.edu/page/aat/300127339","35mm (photographic film size)","http://vocab.getty.edu/page/aat/300263816","A photograph of the annual “Sea Lift” ship delivering annual supplies to the Broughton Island settlement.","","Ships","http://id.worldcat.org/fast/1116439","University of Colorado Boulder. Institute of Arctic and Alpine Research","http://id.worldcat.org/fast/609814","Nunavut (Canada, North and Central America) (territory)","http://vocab.getty.edu/page/tgn/7024197","Coasts","http://id.worldcat.org/fast/865801","","","Auyuittuq National Park (Nunavut, Canada, North and Central America) (park)","http://vocab.getty.edu/page/tgn/9218036","Shipping","http://id.worldcat.org/fast/1116352","","","Broughton Island (Nunavut, Canada, North and Central America) (island)","http://vocab.getty.edu/page/tgn/9218563","Human settlements","http://id.worldcat.org/fast/963433","","","","","","","","","","","narv_DudleyK_Harvard_0023.tif","https://doi.org/10.60807/8j5lws","1b9c43f051837f8ac121aa44368ed9af","COU:5023 | box 1 | folder 1 | sheet 2 | item 35","This Item is protected by copyright and/or related rights. You are free to use this Item in any way that is permitted by the copyright and related rights legislation that applies to your use. In addition, no permission is required from the rights-holder(s) for educational uses. For other uses, you need to obtain permission from the rights-holder(s).","http://rightsstatements.org/vocab/InC-EDU/1.0/","136","1255561","5533","narv_DudleyK_Harvard_0023.tif","https://cudl.colorado.edu//luna/servlet/detail/CUB~59~59~136~1255561"
"Ken Dudley Field Slides","Single tent at head of Maktak Fjord","Proper","Dudley, K. F. (Kenneth F.), 1920-1994","http://id.loc.gov/authorities/names/no2025135759","Still image","http://id.loc.gov/vocabulary/resourceTypes/img","color films (visual works)","http://vocab.getty.edu/page/aat/300417957","1969-09","2026","1 photographic slide; 2"" x 2""","image/tiff","https://www.iana.org/assignments/media-types/image/tiff","reformatted digital","color film (film, material)","http://vocab.getty.edu/page/aat/300127339","35mm (photographic film size)","http://vocab.getty.edu/page/aat/300263816","A photograph of a tent at the head of Maktak Fjord.","","Fjords","http://id.worldcat.org/fast/926898","University of Colorado Boulder. Institute of Arctic and Alpine Research","http://id.worldcat.org/fast/609814","Nunavut (Canada, North and Central America) (territory)","http://vocab.getty.edu/page/tgn/7024197","Tents","http://id.worldcat.org/fast/1147746","","","Auyuittuq National Park (Nunavut, Canada, North and Central America) (park)","http://vocab.getty.edu/page/tgn/9218036","","","","","","","","","","","","","","","","","","","narv_DudleyK_Harvard_0015.tif","https://doi.org/10.60807/cd8eat","c898940678c0d12e230a44344a0a862f","COU:5023 | box 1 | folder 1 | sheet 2 | item 25","This Item is protected by copyright and/or related rights. You are free to use this Item in any way that is permitted by the copyright and related rights legislation that applies to your use. In addition, no permission is required from the rights-holder(s) for educational uses. For other uses, you need to obtain permission from the rights-holder(s).","http://rightsstatements.org/vocab/InC-EDU/1.0/","128","1255569","5533","narv_DudleyK_Harvard_0015.tif","https://cudl.colorado.edu//luna/servlet/detail/CUB~59~59~128~1255569"
"Ken Dudley Field Slides","Summit Lake base camp from Boas Glacier looking toward Quajon above Broughton Island","Proper","Dudley, K. F. (Kenneth F.), 1920-1994","http://id.loc.gov/authorities/names/no2025135759","Still image","http://id.loc.gov/vocabulary/resourceTypes/img","color films (visual works)","http://vocab.getty.edu/page/aat/300417957","1970-09","2026","1 photographic slide; 2"" x 2""","image/tiff","https://www.iana.org/assignments/media-types/image/tiff","reformatted digital","color film (film, material)","http://vocab.getty.edu/page/aat/300127339","35mm (photographic film size)","http://vocab.getty.edu/page/aat/300263816","A photograph of the view from Summit Lake base camp from Boas Glacier looking toward Quajon above Broughton Island.","","Mountains","http://id.worldcat.org/fast/1028366","University of Colorado Boulder. Institute of Arctic and Alpine Research","http://id.worldcat.org/fast/609814","Nunavut (Canada, North and Central America) (territory)","http://vocab.getty.edu/page/tgn/7024197","Glaciers","http://id.worldcat.org/fast/942975","","","Auyuittuq National Park (Nunavut, Canada, North and Central America) (park)","http://vocab.getty.edu/page/tgn/9218036","","","","","Broughton Island (Nunavut, Canada, North and Central America) (island)","http://vocab.getty.edu/page/tgn/9218563","","","","","","","","","","","","","narv_DudleyK_Harvard_0061.tif","https://doi.org/10.60807/71xhu5","167829f7d0703c5e7fafb8292ef2ed4f","COU:5023 | box 1 | folder 1 | sheet 6 | item 4","This Item is protected by copyright and/or related rights. You are free to use this Item in any way that is permitted by the copyright and related rights legislation that applies to your use. In addition, no permission is required from the rights-holder(s) for educational uses. For other uses, you need to obtain permission from the rights-holder(s).","http://rightsstatements.org/vocab/InC-EDU/1.0/","174","1255523","5533","narv_DudleyK_Harvard_0061.tif","https://cudl.colorado.edu//luna/servlet/detail/CUB~59~59~174~1255523"
"Ken Dudley Field Slides","Tom Mayberry, Roger Barry and J.T. Andrews waiting at Broughton Island to begin trip to Narpang Fjord","Proper","Dudley, K. F. (Kenneth F.), 1920-1994","http://id.loc.gov/authorities/names/no2025135759","Still image","http://id.loc.gov/vocabulary/resourceTypes/img","color films (visual works)","http://vocab.getty.edu/page/aat/300417957","1970-09","2026","1 photographic slide; 2"" x 2""","image/tiff","https://www.iana.org/assignments/media-types/image/tiff","reformatted digital","color film (film, material)","http://vocab.getty.edu/page/aat/300127339","35mm (photographic film size)","http://vocab.getty.edu/page/aat/300263816","A photograph of [Left to Right] Tom Mayberry (photographer), Roger Barry (meteorologist) and J.T. Andrews (assistant director of the Institute of Arctic and Alpine Research (INSTAAR)) waiting at Broughton Island to begin trip to Narpang Fjord.","","Mountains","http://id.worldcat.org/fast/1028366","University of Colorado Boulder. Institute of Arctic and Alpine Research","http://id.worldcat.org/fast/609814","Nunavut (Canada, North and Central America) (territory)","http://vocab.getty.edu/page/tgn/7024197","Fjords","http://id.worldcat.org/fast/926898","Mayberry, Tom","local","Auyuittuq National Park (Nunavut, Canada, North and Central America) (park)","http://vocab.getty.edu/page/tgn/9218036","Coasts","http://id.worldcat.org/fast/865801","Andrews, John T.","local","Broughton Island (Nunavut, Canada, North and Central America) (island)","http://vocab.getty.edu/page/tgn/9218563","Cameras","http://id.worldcat.org/fast/844732","Barry, Roger","local","","","Men","http://id.worldcat.org/fast/1015978","","","","","narv_DudleyK_Harvard_0077.tif","https://doi.org/10.60807/8du2gp","a04e5f41634ff6eaf01b702ae8bd12d2","COU:5023 | box 1 | folder 1 | sheet 7 | item 3","This Item is protected by copyright and/or related rights. You are free to use this Item in any way that is permitted by the copyright and related rights legislation that applies to your use. In addition, no permission is required from the rights-holder(s) for educational uses. For other uses, you need to obtain permission from the rights-holder(s).","http://rightsstatements.org/vocab/InC-EDU/1.0/","190","1255507","5533","narv_DudleyK_Harvard_0077.tif","https://cudl.colorado.edu//luna/servlet/detail/CUB~59~59~190~1255507"
"Ken Dudley Field Slides","Tom Newberry photographing mid-night sun on “bergs” enroute Broughton Island to Narpang Fjord","Proper","Dudley, K. F. (Kenneth F.), 1920-1994","http://id.loc.gov/authorities/names/no2025135759","Still image","http://id.loc.gov/vocabulary/resourceTypes/img","color films (visual works)","http://vocab.getty.edu/page/aat/300417957","1970-09","2026","1 photographic slide; 2"" x 2""","image/tiff","https://www.iana.org/assignments/media-types/image/tiff","reformatted digital","color film (film, material)","http://vocab.getty.edu/page/aat/300127339","35mm (photographic film size)","http://vocab.getty.edu/page/aat/300263816","A photograph of Tom Mayberry photographing mid-night sun on icebergs enroute Broughton Island to Narpang Fjord","","Ice floes","http://id.worldcat.org/fast/1743902","University of Colorado Boulder. Institute of Arctic and Alpine Research","http://id.worldcat.org/fast/609814","Nunavut (Canada, North and Central America) (territory)","http://vocab.getty.edu/page/tgn/7024197","Men","http://id.worldcat.org/fast/1015978","Mayberry, Tom","local","Auyuittuq National Park (Nunavut, Canada, North and Central America) (park)","http://vocab.getty.edu/page/tgn/9218036","Icebergs","http://id.worldcat.org/fast/966632","","","Broughton Island (Nunavut, Canada, North and Central America) (island)","http://vocab.getty.edu/page/tgn/9218563","","","","","","","","","","","","","narv_DudleyK_Harvard_0088.tif","https://doi.org/10.60807/ta9ynr","9eb52b6cc7bd71d1d59c1cb87e7d8349","COU:5023 | box 1 | folder 1 | sheet 8 | item 16","This Item is protected by copyright and/or related rights. You are free to use this Item in any way that is permitted by the copyright and related rights legislation that applies to your use. In addition, no permission is required from the rights-holder(s) for educational uses. For other uses, you need to obtain permission from the rights-holder(s).","http://rightsstatements.org/vocab/InC-EDU/1.0/","201","1255496","5533","narv_DudleyK_Harvard_0088.tif","https://cudl.colorado.edu//luna/servlet/detail/CUB~59~59~201~1255496"
"Ken Dudley Field Slides","“Bergs” near mouth of Narpang Fjord Baffin Island","Proper","Dudley, K. F. (Kenneth F.), 1920-1994","http://id.loc.gov/authorities/names/no2025135759","Still image","http://id.loc.gov/vocabulary/resourceTypes/img","color films (visual works)","http://vocab.getty.edu/page/aat/300417957","1970-09","2026","1 photographic slide; 2"" x 2""","image/tiff","https://www.iana.org/assignments/media-types/image/tiff","reformatted digital","color film (film, material)","http://vocab.getty.edu/page/aat/300127339","35mm (photographic film size)","http://vocab.getty.edu/page/aat/300263816","A photograph of an iceberg near the mouth of Narpang Fjord Baffin Island.","","Coasts","http://id.worldcat.org/fast/865801","University of Colorado Boulder. Institute of Arctic and Alpine Research","http://id.worldcat.org/fast/609814","Nunavut (Canada, North and Central America) (territory)","http://vocab.getty.edu/page/tgn/7024197","Icebergs","http://id.worldcat.org/fast/966632","","","Auyuittuq National Park (Nunavut, Canada, North and Central America) (park)","http://vocab.getty.edu/page/tgn/9218036","Fjords","http://id.worldcat.org/fast/926898","","","Baffin (Nunavut, Canada, North and Central America) (island)","http://vocab.getty.edu/page/tgn/7013003","","","","","","","","","","","","","narv_DudleyK_Harvard_0090.tif","https://doi.org/10.60807/hkxqqs","b0f2e2a04698443a88ec424282226c32","COU:5023 | box 1 | folder 1 | sheet 9 | item 22","This Item is protected by copyright and/or related rights. You are free to use this Item in any way that is permitted by the copyright and related rights legislation that applies to your use. In addition, no permission is required from the rights-holder(s) for educational uses. For other uses, you need to obtain permission from the rights-holder(s).","http://rightsstatements.org/vocab/InC-EDU/1.0/","203","1255494","5533","narv_DudleyK_Harvard_0090.tif","https://cudl.colorado.edu//luna/servlet/detail/CUB~59~59~203~1255494"
